id,xcorr,lhc,lcsf,rhc,rcsf
adni_002_S_0295_20060418,0.977,0.977,0.957,0.975,0.953
adni_002_S_0685_20060706,0.981,0.975,0.955,0.980,0.967
adni_002_S_0559_20060523,0.974,0.976,0.967,0.968,0.957
adni_002_S_0619_20060601,0.961,0.961,0.961,0.941,0.951
adni_002_S_0413_20060502,0.982,0.978,0.965,0.984,0.960
adni_002_S_0729_20060717,0.974,0.959,0.930,0.975,0.956
adni_002_S_0938_20061005,0.967,0.944,0.935,0.952,0.951
adni_002_S_2043_20100831,0.983,0.978,0.965,0.981,0.959
adni_002_S_1268_20070214,0.973,0.970,0.949,0.977,0.960
adni_002_S_1261_20070215,0.978,0.980,0.969,0.981,0.948
adni_002_S_1280_20070213,0.972,0.964,0.942,0.970,0.924
adni_002_S_0782_20060814,0.974,0.963,0.955,0.969,0.955
adni_002_S_1018_20061129,0.977,0.978,0.941,0.980,0.937
adni_002_S_4225_20110921,0.975,0.969,0.962,0.972,0.930
adni_002_S_0816_20060830,0.982,0.981,0.962,0.982,0.962
adni_002_S_1155_20061214,0.978,0.984,0.963,0.974,0.961
adni_002_S_1070_20061128,0.979,0.974,0.962,0.980,0.948
adni_002_S_4171_20110808,0.973,0.965,0.948,0.967,0.949
adni_002_S_0955_20061011,0.973,0.969,0.958,0.970,0.960
adni_002_S_2010_20100624,0.975,0.968,0.915,0.976,0.931
adni_002_S_4213_20110902,0.981,0.978,0.958,0.980,0.956
adni_002_S_2073_20100907,0.976,0.965,0.938,0.973,0.943
adni_002_S_4219_20110914,0.977,0.972,0.955,0.973,0.955
adni_002_S_0954_20061010,0.977,0.967,0.943,0.976,0.946
adni_002_S_4229_20110921,0.975,0.956,0.959,0.974,0.964
adni_002_S_4251_20110926,0.973,0.971,0.950,0.969,0.949
adni_002_S_4237_20110926,0.982,0.979,0.973,0.980,0.970
adni_002_S_4264_20111005,0.980,0.976,0.963,0.973,0.960
adni_002_S_4473_20120210,0.973,0.969,0.943,0.972,0.956
adni_002_S_4262_20111005,0.975,0.977,0.964,0.973,0.953
adni_002_S_4521_20120217,0.980,0.970,0.964,0.976,0.952
adni_002_S_4270_20111011,0.971,0.963,0.941,0.963,0.933
adni_002_S_4447_20120117,0.984,0.977,0.954,0.981,0.958
adni_002_S_4654_20120405,0.982,0.979,0.968,0.975,0.969
adni_002_S_4746_20120529,0.975,0.978,0.963,0.972,0.953
adni_002_S_4799_20120621,0.975,0.974,0.950,0.972,0.941
adni_003_S_0908_20060912,0.979,0.974,0.964,0.978,0.949
adni_002_S_5018_20121108,0.979,0.973,0.948,0.979,0.943
adni_002_S_5178_20130516,0.978,0.971,0.951,0.975,0.941
adni_002_S_5230_20130627,0.980,0.979,0.970,0.980,0.961
adni_002_S_5256_20130715,0.973,0.972,0.922,0.972,0.921
adni_003_S_0931_20061011,0.978,0.974,0.957,0.976,0.952
adni_003_S_1021_20061101,0.975,0.972,0.960,0.972,0.958
adni_003_S_1057_20061204,0.976,0.973,0.937,0.976,0.946
adni_003_S_0981_20061019,0.980,0.972,0.963,0.977,0.959
adni_003_S_0907_20060911,0.979,0.976,0.959,0.977,0.958
adni_003_S_1059_20061109,0.963,0.955,0.961,0.943,0.956
adni_003_S_1074_20061204,0.973,0.974,0.963,0.964,0.940
adni_003_S_1122_20061206,0.977,0.979,0.943,0.980,0.947
adni_003_S_1257_20070301,0.967,0.954,0.949,0.958,0.959
adni_003_S_4081_20110705,0.983,0.976,0.955,0.980,0.967
adni_003_S_4119_20110809,0.976,0.978,0.963,0.974,0.951
adni_003_S_4152_20110830,0.974,0.976,0.963,0.978,0.939
adni_003_S_4136_20110810,0.978,0.973,0.966,0.974,0.968
adni_003_S_4350_20111109,0.973,0.968,0.916,0.974,0.924
adni_003_S_4288_20111020,0.977,0.973,0.946,0.976,0.948
adni_003_S_4354_20111219,0.976,0.980,0.962,0.970,0.953
adni_003_S_4373_20111215,0.978,0.964,0.968,0.973,0.964
adni_003_S_4441_20120103,0.973,0.971,0.932,0.971,0.933
adni_003_S_4524_20120223,0.979,0.979,0.962,0.972,0.957
adni_003_S_4555_20120305,0.979,0.972,0.937,0.978,0.951
adni_003_S_4644_20120419,0.982,0.980,0.958,0.979,0.950
adni_003_S_4872_20120802,0.978,0.978,0.932,0.978,0.934
adni_003_S_4892_20120823,0.981,0.980,0.968,0.977,0.953
adni_003_S_4900_20120815,0.976,0.969,0.944,0.975,0.923
adni_003_S_5154_20130430,0.984,0.977,0.958,0.982,0.955
adni_003_S_5150_20130524,0.979,0.980,0.938,0.976,0.939
adni_003_S_5130_20130411,0.977,0.982,0.958,0.976,0.945
adni_003_S_5165_20130516,0.979,0.976,0.979,0.971,0.962
adni_003_S_5187_20130607,0.970,0.968,0.958,0.968,0.951
adni_005_S_0221_20060222,0.973,0.953,0.949,0.963,0.962
adni_003_S_5209_20130709,0.979,0.976,0.959,0.976,0.970
adni_005_S_0222_20060221,0.975,0.974,0.972,0.969,0.957
adni_005_S_0223_20060228,0.973,0.972,0.948,0.965,0.948
adni_005_S_0324_20060330,0.974,0.962,0.962,0.966,0.952
adni_005_S_0448_20060504,0.978,0.970,0.960,0.973,0.971
adni_005_S_0546_20060615,0.975,0.974,0.953,0.973,0.945
adni_005_S_0572_20060620,0.960,0.960,0.957,0.943,0.945
adni_005_S_0553_20060614,0.979,0.979,0.966,0.977,0.961
adni_005_S_0602_20060629,0.979,0.978,0.965,0.978,0.962
adni_005_S_0610_20060621,0.976,0.977,0.966,0.975,0.956
adni_005_S_0814_20060830,0.978,0.961,0.966,0.973,0.973
adni_005_S_1341_20070307,0.975,0.974,0.961,0.973,0.932
adni_005_S_1224_20070123,0.970,0.967,0.971,0.965,0.958
adni_005_S_0929_20061002,0.972,0.971,0.962,0.970,0.961
adni_005_S_4168_20110817,0.977,0.976,0.956,0.977,0.956
adni_005_S_4185_20110912,0.975,0.974,0.973,0.974,0.956
adni_005_S_4707_20120515,0.978,0.975,0.965,0.973,0.961
adni_005_S_4910_20120921,0.969,0.963,0.961,0.954,0.958
adni_005_S_5038_20121213,0.968,0.966,0.958,0.964,0.954
adni_006_S_0322_20060620,0.975,0.967,0.925,0.976,0.933
adni_006_S_0484_20060621,0.968,0.976,0.934,0.967,0.931
adni_006_S_0498_20060626,0.979,0.977,0.957,0.972,0.952
adni_005_S_5119_20130328,0.977,0.976,0.962,0.975,0.951
adni_006_S_0521_20060627,0.971,0.970,0.934,0.973,0.927
adni_006_S_0653_20060705,0.975,0.971,0.951,0.974,0.957
adni_006_S_0547_20060629,0.973,0.978,0.964,0.976,0.929
adni_006_S_1130_20061130,0.974,0.973,0.948,0.972,0.938
adni_006_S_0681_20060831,0.978,0.977,0.952,0.976,0.957
adni_006_S_0675_20060831,0.959,0.967,0.947,0.958,0.926
adni_006_S_0731_20060828,0.973,0.972,0.934,0.972,0.927
adni_006_S_4363_20111116,0.978,0.976,0.951,0.977,0.938
adni_006_S_4192_20110927,0.971,0.958,0.964,0.960,0.960
adni_006_S_4357_20111128,0.980,0.969,0.931,0.977,0.957
adni_006_S_4449_20120119,0.973,0.972,0.949,0.968,0.943
adni_006_S_4515_20120207,0.973,0.946,0.951,0.963,0.963
adni_006_S_4150_20111107,0.975,0.976,0.961,0.973,0.944
adni_006_S_4346_20111110,0.975,0.970,0.954,0.971,0.966
adni_006_S_4153_20111104,0.973,0.961,0.957,0.964,0.945
adni_006_S_4546_20120305,0.974,0.949,0.959,0.971,0.959
adni_006_S_4485_20120201,0.978,0.980,0.956,0.978,0.950
adni_007_S_0041_20051021,0.976,0.963,0.959,0.970,0.964
adni_006_S_4960_20121009,0.972,0.972,0.923,0.974,0.931
adni_007_S_0070_20060118,0.982,0.976,0.948,0.980,0.964
adni_007_S_0128_20060116,0.980,0.971,0.957,0.979,0.961
adni_007_S_0101_20051220,0.973,0.972,0.951,0.972,0.949
adni_006_S_4867_20120807,0.970,0.965,0.936,0.962,0.955
adni_006_S_4679_20120601,0.976,0.977,0.948,0.972,0.956
adni_006_S_5153_20130422,0.983,0.979,0.961,0.979,0.956
adni_006_S_4713_20120514,0.978,0.977,0.957,0.971,0.940
adni_007_S_0068_20051130,0.975,0.973,0.957,0.977,0.935
adni_007_S_0249_20060302,0.970,0.957,0.959,0.963,0.952
adni_007_S_0344_20060331,0.970,0.963,0.942,0.962,0.943
adni_007_S_0316_20060329,0.975,0.967,0.963,0.965,0.960
adni_007_S_0293_20060314,0.979,0.974,0.961,0.971,0.955
adni_007_S_1206_20070117,0.981,0.982,0.968,0.979,0.964
adni_007_S_1304_20070213,0.979,0.974,0.968,0.976,0.967
adni_007_S_1222_20070119,0.978,0.972,0.940,0.979,0.947
adni_007_S_1339_20070222,0.972,0.960,0.958,0.970,0.939
adni_007_S_4467_20120123,0.976,0.968,0.946,0.977,0.934
adni_007_S_4387_20111205,0.984,0.982,0.968,0.981,0.959
adni_007_S_1248_20070125,0.964,0.933,0.938,0.948,0.964
adni_007_S_0698_20060707,0.976,0.973,0.965,0.970,0.968
adni_007_S_0414_20060522,0.978,0.968,0.965,0.974,0.967
adni_007_S_4272_20111017,0.976,0.972,0.962,0.977,0.936
adni_007_S_5196_20130603,0.970,0.969,0.924,0.971,0.939
adni_007_S_4568_20120301,0.972,0.968,0.963,0.964,0.937
adni_007_S_4611_20120328,0.975,0.969,0.935,0.973,0.933
adni_007_S_4911_20120830,0.956,0.979,0.967,0.954,0.921
adni_007_S_4488_20120131,0.979,0.976,0.935,0.974,0.957
adni_007_S_5265_20130730,0.982,0.979,0.966,0.980,0.967
adni_007_S_4637_20120405,0.974,0.977,0.954,0.974,0.934
adni_007_S_4620_20120328,0.974,0.971,0.953,0.977,0.949
adni_009_S_0751_20060725,0.983,0.974,0.972,0.979,0.973
adni_007_S_4516_20120213,0.982,0.977,0.962,0.974,0.956
adni_009_S_0862_20060919,0.976,0.978,0.949,0.972,0.950
adni_009_S_1199_20070116,0.975,0.981,0.957,0.971,0.947
adni_009_S_0842_20060907,0.977,0.969,0.958,0.977,0.944
adni_009_S_1030_20061101,0.976,0.975,0.947,0.975,0.950
adni_009_S_1354_20070306,0.970,0.961,0.945,0.958,0.933
adni_009_S_2208_20101201,0.984,0.981,0.964,0.982,0.957
adni_009_S_4324_20111101,0.980,0.977,0.965,0.979,0.962
adni_009_S_2381_20110518,0.974,0.964,0.943,0.969,0.953
adni_009_S_1334_20070301,0.974,0.972,0.963,0.969,0.950
adni_009_S_4388_20111213,0.980,0.978,0.939,0.985,0.949
adni_009_S_4543_20120301,0.979,0.971,0.946,0.977,0.934
adni_009_S_4337_20111107,0.979,0.977,0.958,0.976,0.963
adni_009_S_4530_20120214,0.981,0.975,0.966,0.975,0.968
adni_009_S_4359_20111205,0.979,0.975,0.955,0.980,0.956
adni_009_S_4814_20120629,0.980,0.978,0.961,0.980,0.957
adni_009_S_4612_20120329,0.983,0.978,0.954,0.984,0.953
adni_009_S_4741_20120612,0.967,0.952,0.955,0.954,0.956
adni_009_S_4903_20120911,0.973,0.948,0.950,0.969,0.954
adni_009_S_4958_20121004,0.980,0.979,0.950,0.980,0.966
adni_009_S_5037_20130108,0.975,0.968,0.964,0.967,0.961
adni_009_S_5027_20121129,0.980,0.971,0.972,0.981,0.958
adni_009_S_4564_20120309,0.980,0.982,0.945,0.980,0.957
adni_009_S_5000_20121026,0.977,0.965,0.973,0.969,0.966
adni_009_S_5125_20130328,0.976,0.976,0.947,0.978,0.943
adni_009_S_5176_20130515,0.971,0.945,0.903,0.972,0.936
adni_009_S_5224_20130711,0.964,0.955,0.956,0.959,0.947
adni_009_S_5147_20130417,0.978,0.972,0.922,0.980,0.951
adni_009_S_5252_20130718,0.975,0.975,0.957,0.977,0.950
adni_010_S_0422_20060615,0.975,0.958,0.924,0.974,0.933
adni_010_S_0472_20060705,0.977,0.979,0.962,0.969,0.961
adni_010_S_0067_20060814,0.978,0.978,0.956,0.973,0.937
adni_010_S_0662_20060712,0.973,0.970,0.959,0.970,0.963
adni_010_S_0786_20060927,0.971,0.970,0.955,0.970,0.956
adni_010_S_0420_20060615,0.970,0.974,0.946,0.967,0.909
adni_010_S_0419_20061215,0.977,0.974,0.934,0.976,0.946
adni_010_S_0829_20070208,0.975,0.970,0.932,0.960,0.962
adni_010_S_0788_20060828,0.975,0.973,0.942,0.971,0.937
adni_010_S_0161_20060816,0.979,0.971,0.946,0.976,0.953
adni_010_S_0904_20061207,0.969,0.966,0.958,0.964,0.944
adni_010_S_4345_20120611,0.980,0.978,0.966,0.970,0.948
adni_011_S_0008_20050913,0.977,0.977,0.954,0.973,0.953
adni_010_S_5163_20130529,0.980,0.980,0.960,0.980,0.952
adni_011_S_0002_20050826,0.978,0.970,0.972,0.972,0.969
adni_011_S_0005_20050902,0.978,0.973,0.949,0.980,0.943
adni_011_S_0010_20051107,0.977,0.973,0.957,0.972,0.949
adni_011_S_0003_20050901,0.921,0.955,0.936,0.942,0.891
adni_010_S_4135_20110727,0.970,0.973,0.927,0.974,0.910
adni_010_S_4442_20120207,0.959,0.955,0.888,0.961,0.890
adni_011_S_0021_20051010,0.976,0.975,0.950,0.972,0.935
adni_011_S_0016_20050927,0.979,0.974,0.941,0.976,0.965
adni_011_S_0023_20051031,0.981,0.979,0.944,0.981,0.961
adni_011_S_0022_20051010,0.966,0.958,0.893,0.963,0.912
adni_011_S_0183_20060303,0.979,0.973,0.966,0.967,0.972
adni_011_S_0053_20051114,0.978,0.976,0.970,0.970,0.958
adni_011_S_0856_20060915,0.978,0.969,0.963,0.972,0.962
adni_011_S_1080_20061122,0.979,0.978,0.954,0.975,0.962
adni_011_S_0362_20060328,0.965,0.961,0.912,0.967,0.937
adni_011_S_0241_20060310,0.974,0.966,0.966,0.963,0.965
adni_011_S_0861_20060927,0.973,0.960,0.966,0.965,0.961
adni_011_S_0168_20060210,0.970,0.973,0.966,0.963,0.947
adni_011_S_0326_20060320,0.961,0.946,0.936,0.963,0.949
adni_011_S_1282_20070209,0.980,0.972,0.955,0.975,0.963
adni_011_S_4105_20110708,0.979,0.981,0.967,0.976,0.946
adni_011_S_4222_20110914,0.971,0.971,0.968,0.965,0.956
adni_011_S_4278_20111013,0.984,0.976,0.963,0.979,0.967
adni_011_S_4827_20120702,0.976,0.968,0.960,0.976,0.947
adni_011_S_4366_20111114,0.971,0.962,0.957,0.977,0.957
adni_011_S_4547_20120229,0.972,0.971,0.957,0.968,0.949
adni_011_S_4120_20110715,0.982,0.972,0.957,0.980,0.962
adni_011_S_4075_20110610,0.982,0.974,0.960,0.983,0.957
adni_011_S_2274_20110131,0.974,0.971,0.949,0.973,0.947
adni_011_S_4235_20110919,0.975,0.963,0.930,0.974,0.937
adni_011_S_4949_20120919,0.965,0.976,0.951,0.970,0.918
adni_011_S_4906_20120813,0.970,0.968,0.960,0.968,0.948
adni_011_S_4893_20120910,0.981,0.977,0.961,0.981,0.952
adni_011_S_4845_20120712,0.980,0.968,0.967,0.975,0.972
adni_012_S_0637_20060616,0.977,0.978,0.953,0.979,0.944
adni_012_S_0712_20060629,0.905,0.941,0.933,0.919,0.872
adni_012_S_1009_20061101,0.973,0.974,0.953,0.976,0.935
adni_012_S_0689_20060705,0.963,0.952,0.936,0.958,0.925
adni_012_S_0803_20060922,0.972,0.947,0.959,0.958,0.958
adni_012_S_0917_20061201,0.978,0.978,0.959,0.970,0.954
adni_012_S_0932_20060920,0.971,0.972,0.955,0.977,0.933
adni_012_S_0634_20060616,0.971,0.959,0.951,0.966,0.949
adni_012_S_0720_20060809,0.971,0.968,0.963,0.955,0.955
adni_012_S_1033_20061116,0.981,0.978,0.971,0.975,0.960
adni_012_S_1133_20070112,0.976,0.976,0.962,0.981,0.946
adni_012_S_1321_20070222,0.977,0.966,0.969,0.972,0.963
adni_012_S_1212_20070112,0.974,0.973,0.941,0.968,0.941
adni_012_S_4094_20110707,0.980,0.976,0.956,0.977,0.941
adni_012_S_4026_20110526,0.974,0.978,0.944,0.978,0.940
adni_012_S_4128_20110729,0.977,0.976,0.962,0.976,0.962
adni_012_S_1175_20070105,0.973,0.969,0.928,0.973,0.928
adni_012_S_4012_20110408,0.971,0.971,0.943,0.968,0.927
adni_012_S_1292_20070301,0.971,0.967,0.967,0.954,0.956
adni_012_S_1165_20061228,0.979,0.978,0.963,0.979,0.956
adni_012_S_5157_20150624,0.971,0.969,0.943,0.973,0.934
adni_012_S_5121_20130315,0.947,0.913,0.917,0.940,0.931
adni_013_S_0240_20060320,0.976,0.966,0.962,0.959,0.969
adni_012_S_4188_20110907,0.973,0.967,0.955,0.963,0.949
adni_013_S_0996_20061106,0.975,0.972,0.958,0.975,0.955
adni_013_S_0699_20060828,0.965,0.893,0.931,0.954,0.956
adni_013_S_0575_20060814,0.974,0.958,0.953,0.969,0.968
adni_013_S_0592_20060817,0.978,0.961,0.958,0.973,0.969
adni_013_S_1161_20061220,0.980,0.972,0.965,0.977,0.968
adni_013_S_1035_20061102,0.974,0.975,0.949,0.978,0.946
adni_013_S_0325_20060419,0.977,0.972,0.959,0.972,0.961
adni_013_S_1120_20061122,0.973,0.967,0.959,0.965,0.956
adni_013_S_0860_20060921,0.939,0.955,0.956,0.898,0.926
adni_013_S_1275_20070222,0.978,0.970,0.944,0.975,0.962
adni_013_S_4236_20111013,0.973,0.964,0.960,0.969,0.965
adni_013_S_2324_20110325,0.979,0.977,0.944,0.975,0.952
adni_013_S_4395_20120110,0.976,0.978,0.967,0.974,0.944
adni_013_S_2389_20110622,0.976,0.978,0.948,0.975,0.934
adni_013_S_4268_20111101,0.980,0.979,0.962,0.976,0.941
adni_013_S_4580_20120405,0.976,0.972,0.951,0.973,0.951
adni_013_S_1276_20070305,0.982,0.971,0.970,0.976,0.971
adni_013_S_4579_20120404,0.977,0.971,0.951,0.977,0.964
adni_013_S_1205_20070111,0.971,0.965,0.944,0.971,0.942
adni_013_S_1186_20070129,0.976,0.972,0.937,0.977,0.953
adni_013_S_4616_20120419,0.970,0.972,0.968,0.963,0.951
adni_013_S_4731_20120531,0.978,0.972,0.970,0.972,0.961
adni_013_S_4595_20120420,0.980,0.973,0.954,0.966,0.967
adni_013_S_4768_20120626,0.973,0.965,0.909,0.972,0.929
adni_013_S_5171_20130530,0.981,0.981,0.958,0.980,0.962
adni_013_S_4985_20120705,0.976,0.972,0.969,0.969,0.966
adni_013_S_5137_20130419,0.983,0.972,0.974,0.978,0.972
adni_013_S_4791_20120926,0.969,0.972,0.909,0.972,0.907
adni_013_S_4917_20120831,0.979,0.973,0.955,0.974,0.952
adni_013_S_5071_20130212,0.978,0.970,0.960,0.974,0.940
adni_014_S_0169_20060207,0.974,0.974,0.950,0.974,0.945
adni_014_S_0328_20060322,0.973,0.973,0.954,0.972,0.944
adni_014_S_0356_20060405,0.953,0.894,0.917,0.946,0.958
adni_014_S_0357_20060404,0.973,0.968,0.948,0.977,0.932
adni_014_S_0519_20060512,0.974,0.977,0.957,0.973,0.953
adni_014_S_0557_20060531,0.980,0.979,0.963,0.976,0.951
adni_014_S_0548_20060525,0.972,0.975,0.947,0.969,0.912
adni_014_S_0558_20060621,0.978,0.980,0.972,0.979,0.960
adni_014_S_0520_20060512,0.976,0.969,0.943,0.971,0.938
adni_014_S_0563_20060705,0.977,0.932,0.956,0.971,0.972
adni_014_S_0658_20060725,0.970,0.972,0.951,0.974,0.943
adni_014_S_1095_20061203,0.965,0.964,0.964,0.956,0.950
adni_014_S_2185_20101210,0.979,0.968,0.958,0.973,0.964
adni_014_S_2308_20110217,0.973,0.969,0.947,0.970,0.945
adni_014_S_4039_20110602,0.975,0.969,0.961,0.970,0.962
adni_014_S_4068_20110609,0.978,0.972,0.976,0.969,0.966
adni_014_S_4058_20110526,0.980,0.975,0.951,0.980,0.955
adni_014_S_4079_20110616,0.977,0.968,0.958,0.973,0.935
adni_014_S_4401_20111202,0.982,0.974,0.925,0.978,0.952
adni_014_S_4093_20110707,0.979,0.978,0.968,0.974,0.967
adni_014_S_4080_20110616,0.978,0.978,0.962,0.976,0.948
adni_014_S_4576_20120308,0.970,0.970,0.946,0.966,0.923
adni_014_S_4615_20120329,0.975,0.935,0.960,0.975,0.969
adni_014_S_4328_20111107,0.979,0.978,0.942,0.977,0.951
adni_014_S_4263_20111006,0.974,0.970,0.951,0.975,0.955
adni_014_S_4577_20120308,0.973,0.968,0.954,0.966,0.953
adni_014_S_4668_20120426,0.968,0.958,0.955,0.969,0.951
adni_016_S_0359_20060406,0.979,0.979,0.965,0.983,0.945
adni_016_S_0538_20060802,0.979,0.978,0.965,0.977,0.960
adni_016_S_1092_20061211,0.981,0.971,0.949,0.979,0.955
adni_016_S_0991_20061101,0.960,0.960,0.964,0.923,0.954
adni_016_S_0769_20060802,0.980,0.965,0.953,0.974,0.976
adni_016_S_1117_20061201,0.975,0.978,0.957,0.972,0.904
adni_016_S_1028_20061102,0.971,0.971,0.953,0.964,0.947
adni_016_S_0702_20060724,0.978,0.960,0.959,0.973,0.972
adni_016_S_0590_20060606,0.972,0.971,0.939,0.975,0.939
adni_016_S_0354_20060505,0.973,0.974,0.956,0.971,0.948
adni_016_S_1121_20061206,0.973,0.973,0.938,0.972,0.940
adni_016_S_1263_20070227,0.970,0.959,0.962,0.965,0.944
adni_016_S_1138_20061228,0.974,0.972,0.963,0.967,0.954
adni_016_S_1326_20070301,0.966,0.961,0.935,0.969,0.945
adni_016_S_1149_20070104,0.975,0.969,0.963,0.977,0.954
adni_016_S_4097_20110705,0.972,0.971,0.921,0.969,0.938
adni_016_S_4121_20110715,0.972,0.972,0.965,0.964,0.955
adni_016_S_4583_20120329,0.973,0.976,0.951,0.976,0.949
adni_016_S_4591_20120322,0.982,0.978,0.955,0.978,0.955
adni_016_S_4009_20110618,0.959,0.963,0.926,0.957,0.928
adni_016_S_4353_20111118,0.980,0.975,0.945,0.977,0.957
adni_016_S_4575_20120323,0.978,0.971,0.912,0.976,0.947
adni_016_S_4601_20120402,0.979,0.976,0.952,0.978,0.953
adni_016_S_4584_20120327,0.984,0.981,0.961,0.980,0.968
adni_016_S_4646_20120510,0.975,0.970,0.942,0.962,0.941
adni_016_S_4887_20120821,0.977,0.940,0.959,0.967,0.967
adni_016_S_4902_20120821,0.974,0.970,0.941,0.969,0.941
adni_016_S_4951_20121001,0.978,0.973,0.933,0.978,0.937
adni_016_S_4638_20120521,0.980,0.981,0.936,0.981,0.967
adni_016_S_4963_20121010,0.976,0.970,0.955,0.969,0.957
adni_016_S_4688_20120611,0.976,0.976,0.943,0.974,0.950
adni_016_S_5031_20130213,0.972,0.973,0.966,0.962,0.951
adni_016_S_4952_20121001,0.979,0.976,0.931,0.979,0.949
adni_016_S_5007_20121203,0.973,0.972,0.952,0.970,0.941
adni_016_S_5251_20130809,0.979,0.980,0.965,0.979,0.947
adni_018_S_0055_20060718,0.972,0.965,0.949,0.974,0.951
adni_016_S_5032_20121129,0.972,0.970,0.952,0.963,0.942
adni_016_S_5057_20130225,0.977,0.967,0.960,0.961,0.961
adni_018_S_0043_20060810,0.975,0.975,0.952,0.977,0.949
adni_018_S_0080_20051229,0.973,0.969,0.948,0.972,0.933
adni_018_S_0142_20060119,0.976,0.978,0.957,0.971,0.962
adni_018_S_0087_20051222,0.967,0.956,0.960,0.953,0.957
adni_018_S_0335_20060516,0.954,0.963,0.963,0.953,0.930
adni_018_S_0057_20051117,0.961,0.952,0.951,0.932,0.957
adni_018_S_0155_20060223,0.952,0.904,0.938,0.916,0.948
adni_018_S_0103_20060105,0.966,0.965,0.954,0.967,0.950
adni_018_S_0277_20060316,0.954,0.954,0.966,0.958,0.939
adni_018_S_0286_20060323,0.981,0.970,0.966,0.973,0.974
adni_018_S_0406_20060420,0.967,0.973,0.961,0.955,0.953
adni_018_S_2180_20101209,0.980,0.977,0.946,0.976,0.950
adni_018_S_0369_20060330,0.974,0.972,0.970,0.972,0.950
adni_018_S_0450_20060504,0.975,0.956,0.952,0.974,0.946
adni_018_S_0682_20060706,0.973,0.967,0.951,0.963,0.953
adni_018_S_2155_20101202,0.975,0.972,0.944,0.972,0.923
adni_018_S_2138_20101104,0.981,0.975,0.967,0.977,0.959
adni_018_S_0425_20060419,0.977,0.971,0.971,0.975,0.970
adni_018_S_0633_20060615,0.977,0.973,0.971,0.964,0.965
adni_018_S_2133_20101025,0.973,0.972,0.942,0.978,0.938
adni_018_S_4349_20111115,0.966,0.969,0.931,0.965,0.914
adni_018_S_4313_20111128,0.973,0.968,0.953,0.970,0.929
adni_018_S_4400_20111220,0.972,0.975,0.937,0.971,0.928
adni_018_S_4399_20111215,0.975,0.976,0.942,0.976,0.927
adni_018_S_4257_20111024,0.979,0.976,0.969,0.975,0.958
adni_018_S_4696_20120501,0.977,0.964,0.957,0.969,0.972
adni_018_S_4597_20120314,0.982,0.979,0.966,0.986,0.946
adni_018_S_4889_20120810,0.976,0.974,0.956,0.977,0.955
adni_018_S_5240_20130723,0.979,0.974,0.946,0.976,0.941
adni_018_S_4733_20120523,0.976,0.970,0.955,0.978,0.954
adni_018_S_4809_20120622,0.971,0.969,0.961,0.963,0.952
adni_018_S_5250_20130808,0.975,0.977,0.955,0.975,0.941
adni_018_S_4868_20120727,0.969,0.971,0.960,0.973,0.938
adni_019_S_4680_20120424,0.000,0.000,0.000,0.000,0.000
adni_019_S_4285_20111013,0.980,0.977,0.962,0.979,0.954
adni_019_S_4252_20110928,0.972,0.955,0.961,0.970,0.955
adni_018_S_5074_20130215,0.971,0.968,0.928,0.969,0.951
adni_019_S_4549_20120423,0.980,0.978,0.978,0.972,0.958
adni_019_S_4548_20120223,0.975,0.968,0.941,0.975,0.959
adni_019_S_4367_20111130,0.971,0.962,0.899,0.971,0.917
adni_019_S_5012_20121105,0.977,0.974,0.967,0.975,0.959
adni_019_S_4477_20120125,0.974,0.968,0.966,0.965,0.957
adni_018_S_5262_20130812,0.983,0.976,0.934,0.981,0.947
adni_019_S_4835_20120710,0.973,0.977,0.949,0.971,0.946
adni_019_S_5242_20130702,0.966,0.976,0.954,0.964,0.919
adni_020_S_0097_20060112,0.979,0.976,0.963,0.979,0.950
adni_020_S_0213_20060322,0.977,0.976,0.943,0.979,0.939
adni_019_S_5019_20121107,0.970,0.970,0.950,0.973,0.939
adni_019_S_5180_20130522,0.980,0.979,0.969,0.980,0.949
adni_020_S_0899_20060925,0.979,0.971,0.962,0.976,0.966
adni_020_S_0883_20060915,0.981,0.978,0.965,0.978,0.957
adni_020_S_4619_20120418,0.976,0.981,0.941,0.977,0.936
adni_021_S_0141_20060123,0.975,0.972,0.951,0.971,0.943
adni_020_S_1288_20070221,0.980,0.975,0.958,0.978,0.961
adni_020_S_5203_20130615,0.980,0.978,0.956,0.980,0.941
adni_020_S_5140_20130422,0.983,0.984,0.959,0.979,0.954
adni_020_S_4920_20120913,0.978,0.966,0.928,0.979,0.925
adni_021_S_0343_20060406,0.973,0.970,0.972,0.962,0.953
adni_021_S_0337_20060328,0.974,0.972,0.966,0.968,0.955
adni_021_S_0178_20060210,0.969,0.973,0.945,0.972,0.932
adni_021_S_0231_20060228,0.976,0.967,0.949,0.976,0.951
adni_021_S_0642_20060628,0.957,0.964,0.950,0.956,0.930
adni_021_S_0332_20060404,0.975,0.948,0.956,0.964,0.962
adni_021_S_0273_20060314,0.977,0.975,0.960,0.976,0.944
adni_021_S_0276_20060317,0.980,0.981,0.957,0.978,0.952
adni_021_S_0424_20060420,0.971,0.966,0.957,0.964,0.947
adni_021_S_0626_20060629,0.974,0.970,0.950,0.972,0.956
adni_021_S_0159_20060130,0.981,0.981,0.962,0.973,0.960
adni_021_S_0753_20060804,0.975,0.966,0.964,0.972,0.963
adni_021_S_4245_20110922,0.966,0.956,0.958,0.955,0.954
adni_021_S_0984_20061023,0.976,0.976,0.962,0.970,0.959
adni_021_S_1109_20061205,0.968,0.962,0.938,0.955,0.942
adni_021_S_0647_20060629,0.976,0.977,0.960,0.973,0.948
adni_021_S_4335_20111111,0.980,0.977,0.937,0.979,0.946
adni_021_S_4402_20111214,0.979,0.970,0.959,0.973,0.963
adni_021_S_4419_20111219,0.982,0.978,0.951,0.979,0.950
adni_021_S_4558_20120302,0.974,0.971,0.936,0.973,0.933
adni_021_S_4421_20111220,0.979,0.974,0.955,0.982,0.950
adni_021_S_4633_20120414,0.971,0.970,0.954,0.958,0.955
adni_021_S_4276_20111007,0.983,0.979,0.962,0.976,0.964
adni_021_S_4254_20110926,0.965,0.969,0.958,0.956,0.935
adni_021_S_5177_20130517,0.981,0.971,0.960,0.983,0.952
adni_021_S_4744_20120531,0.980,0.975,0.933,0.979,0.947
adni_021_S_5194_20130529,0.975,0.972,0.948,0.971,0.935
adni_021_S_4924_20120905,0.973,0.969,0.965,0.965,0.960
adni_021_S_5129_20130327,0.980,0.977,0.934,0.976,0.949
adni_021_S_5099_20130304,0.969,0.975,0.944,0.969,0.889
adni_021_S_4718_20120516,0.959,0.964,0.964,0.953,0.945
adni_021_S_4659_20120416,0.979,0.972,0.969,0.979,0.957
adni_021_S_5237_20130627,0.979,0.976,0.970,0.973,0.956
adni_021_S_5236_20130627,0.979,0.977,0.956,0.976,0.939
adni_021_S_4857_20120724,0.983,0.980,0.958,0.981,0.963
adni_022_S_0066_20051123,0.976,0.984,0.968,0.976,0.945
adni_022_S_0007_20050913,0.976,0.966,0.944,0.977,0.957
adni_022_S_0044_20051103,0.972,0.954,0.956,0.962,0.964
adni_022_S_0004_20050922,0.977,0.978,0.960,0.977,0.944
adni_022_S_0014_20050929,0.979,0.975,0.965,0.978,0.946
adni_022_S_0219_20060317,0.936,0.949,0.964,0.946,0.893
adni_022_S_0130_20060123,0.979,0.975,0.929,0.972,0.946
adni_022_S_0096_20060118,0.981,0.977,0.964,0.976,0.969
adni_022_S_0750_20060807,0.975,0.967,0.972,0.967,0.964
adni_022_S_0543_20060522,0.982,0.971,0.958,0.974,0.970
adni_022_S_0544_20060517,0.974,0.961,0.961,0.961,0.959
adni_022_S_0924_20060927,0.977,0.970,0.937,0.975,0.952
adni_022_S_0129_20060206,0.974,0.973,0.966,0.965,0.957
adni_022_S_1097_20061130,0.970,0.977,0.961,0.968,0.931
adni_022_S_1366_20070328,0.977,0.970,0.955,0.971,0.959
adni_022_S_0961_20061020,0.973,0.958,0.952,0.974,0.949
adni_022_S_4173_20110913,0.977,0.973,0.952,0.972,0.946
adni_022_S_2087_20101005,0.975,0.977,0.954,0.975,0.946
adni_022_S_2167_20101102,0.979,0.979,0.975,0.981,0.963
adni_022_S_1351_20070316,0.978,0.977,0.944,0.976,0.932
adni_022_S_1394_20070529,0.970,0.972,0.959,0.970,0.940
adni_022_S_2379_20110513,0.976,0.966,0.920,0.975,0.932
adni_022_S_2382_20110621,0.976,0.972,0.926,0.979,0.930
adni_022_S_2263_20110118,0.974,0.977,0.958,0.976,0.943
adni_022_S_4266_20111115,0.981,0.971,0.927,0.978,0.947
adni_022_S_4444_20120214,0.977,0.975,0.970,0.975,0.959
adni_022_S_4291_20111122,0.980,0.970,0.954,0.975,0.960
adni_022_S_4196_20110913,0.975,0.978,0.958,0.979,0.934
adni_022_S_4320_20111109,0.979,0.977,0.937,0.978,0.950
adni_022_S_4922_20120925,0.963,0.965,0.935,0.950,0.939
adni_023_S_0058_20051130,0.977,0.974,0.959,0.977,0.950
adni_022_S_4805_20120703,0.969,0.974,0.942,0.964,0.936
adni_023_S_0030_20051010,0.958,0.966,0.937,0.959,0.915
adni_023_S_0042_20051031,0.975,0.958,0.963,0.960,0.968
adni_022_S_5004_20121106,0.975,0.968,0.925,0.973,0.951
adni_023_S_0031_20051012,0.975,0.972,0.952,0.977,0.950
adni_023_S_0376_20060403,0.974,0.972,0.953,0.973,0.947
adni_023_S_0126_20060119,0.975,0.963,0.966,0.966,0.945
adni_023_S_0078_20051216,0.979,0.972,0.965,0.978,0.954
adni_023_S_0331_20060323,0.973,0.970,0.950,0.971,0.953
adni_023_S_0061_20051129,0.977,0.965,0.953,0.977,0.954
adni_023_S_0388_20060410,0.973,0.970,0.961,0.967,0.954
adni_023_S_0081_20060110,0.975,0.972,0.959,0.974,0.965
adni_023_S_0084_20060104,0.973,0.970,0.949,0.969,0.946
adni_023_S_0093_20060103,0.976,0.969,0.960,0.964,0.956
adni_023_S_0217_20060221,0.974,0.975,0.958,0.970,0.961
adni_023_S_0083_20051214,0.967,0.828,0.879,0.961,0.960
adni_023_S_0139_20060124,0.980,0.972,0.954,0.977,0.968
adni_023_S_0855_20060905,0.971,0.970,0.928,0.969,0.949
adni_023_S_0625_20060623,0.975,0.971,0.972,0.979,0.962
adni_023_S_0887_20060920,0.970,0.958,0.932,0.969,0.940
adni_023_S_0604_20060602,0.969,0.964,0.959,0.968,0.950
adni_023_S_0613_20060621,0.965,0.961,0.946,0.963,0.922
adni_023_S_1126_20061205,0.970,0.965,0.951,0.972,0.960
adni_023_S_0926_20060927,0.977,0.978,0.965,0.974,0.951
adni_023_S_1190_20070108,0.978,0.978,0.945,0.977,0.934
adni_023_S_0963_20061004,0.977,0.978,0.952,0.977,0.953
adni_023_S_1104_20061115,0.965,0.963,0.932,0.960,0.917
adni_023_S_1046_20061106,0.959,0.962,0.962,0.948,0.940
adni_023_S_0916_20060922,0.968,0.968,0.960,0.968,0.948
adni_023_S_1289_20070212,0.975,0.971,0.956,0.963,0.956
adni_023_S_4034_20110607,0.979,0.964,0.956,0.978,0.953
adni_023_S_4115_20110830,0.982,0.978,0.957,0.978,0.955
adni_023_S_4241_20120201,0.979,0.975,0.956,0.972,0.940
adni_023_S_1306_20070216,0.982,0.969,0.955,0.978,0.961
adni_023_S_2068_20100917,0.976,0.973,0.959,0.965,0.957
adni_023_S_4020_20110503,0.980,0.974,0.951,0.980,0.953
adni_023_S_4164_20110830,0.975,0.972,0.952,0.974,0.938
adni_023_S_4122_20110826,0.963,0.940,0.908,0.971,0.931
adni_023_S_1247_20070131,0.982,0.971,0.967,0.979,0.968
adni_023_S_4035_20110728,0.977,0.975,0.965,0.975,0.958
adni_023_S_1262_20070209,0.968,0.960,0.942,0.969,0.946
adni_023_S_4501_20120322,0.935,0.961,0.953,0.917,0.909
adni_023_S_4448_20120126,0.973,0.980,0.953,0.977,0.930
adni_023_S_4796_20120822,0.980,0.978,0.967,0.979,0.958
adni_023_S_4243_20111109,0.975,0.949,0.952,0.973,0.966
adni_023_S_4502_20120306,0.978,0.976,0.968,0.972,0.952
adni_023_S_5241_20130809,0.961,0.962,0.955,0.928,0.941
adni_023_S_5120_20130515,0.967,0.971,0.943,0.970,0.920
adni_024_S_1393_20070313,0.917,0.946,0.960,0.889,0.894
adni_024_S_1063_20061031,0.976,0.969,0.953,0.974,0.959
adni_024_S_1171_20070104,0.979,0.973,0.969,0.972,0.961
adni_024_S_0985_20061020,0.975,0.973,0.975,0.976,0.953
adni_024_S_1307_20070223,0.974,0.974,0.948,0.974,0.945
adni_024_S_4158_20110811,0.980,0.977,0.966,0.978,0.959
adni_024_S_4186_20110902,0.982,0.970,0.974,0.976,0.967
adni_024_S_1400_20070508,0.977,0.974,0.929,0.976,0.955
adni_024_S_4392_20120103,0.973,0.973,0.965,0.962,0.958
adni_024_S_4622_20120330,0.974,0.964,0.951,0.962,0.959
adni_024_S_2239_20101203,0.977,0.972,0.932,0.976,0.930
adni_024_S_4169_20110812,0.973,0.967,0.916,0.972,0.911
adni_024_S_4280_20111018,0.976,0.962,0.956,0.970,0.965
adni_024_S_4905_20120816,0.980,0.975,0.963,0.980,0.958
adni_024_S_4223_20110912,0.979,0.968,0.962,0.978,0.971
adni_024_S_4674_20120420,0.983,0.978,0.957,0.982,0.962
adni_024_S_4084_20110616,0.973,0.973,0.923,0.974,0.921
adni_024_S_5054_20121220,0.979,0.977,0.962,0.975,0.965
adni_027_S_0118_20060224,0.975,0.967,0.966,0.965,0.956
adni_027_S_0116_20060127,0.972,0.968,0.954,0.972,0.943
adni_027_S_0074_20051209,0.963,0.932,0.937,0.958,0.960
adni_024_S_5290_20130906,0.981,0.980,0.948,0.980,0.948
adni_027_S_0179_20060224,0.973,0.967,0.960,0.967,0.959
adni_027_S_0307_20060406,0.967,0.973,0.931,0.969,0.932
adni_027_S_0256_20060321,0.978,0.972,0.966,0.968,0.963
adni_027_S_0404_20060427,0.972,0.963,0.960,0.969,0.953
adni_027_S_0408_20060510,0.956,0.957,0.949,0.957,0.937
adni_027_S_0120_20060206,0.976,0.977,0.957,0.975,0.933
adni_027_S_0403_20060420,0.984,0.978,0.963,0.981,0.960
adni_027_S_0417_20060512,0.971,0.974,0.972,0.946,0.954
adni_027_S_0485_20060508,0.976,0.978,0.957,0.978,0.952
adni_027_S_0461_20060602,0.965,0.973,0.962,0.961,0.949
adni_027_S_0835_20060911,0.978,0.973,0.965,0.975,0.956
adni_027_S_0948_20061009,0.969,0.976,0.970,0.966,0.949
adni_027_S_1081_20070122,0.974,0.958,0.964,0.971,0.962
adni_027_S_1213_20070119,0.971,0.968,0.963,0.966,0.947
adni_027_S_0850_20060906,0.964,0.957,0.952,0.949,0.950
adni_027_S_1082_20061127,0.977,0.967,0.970,0.967,0.969
adni_027_S_1254_20070131,0.946,0.954,0.950,0.943,0.927
adni_027_S_1045_20061103,0.971,0.966,0.943,0.961,0.954
adni_027_S_0644_20060616,0.979,0.970,0.966,0.969,0.974
adni_027_S_4729_20120522,0.978,0.973,0.948,0.979,0.961
adni_027_S_1385_20070228,0.976,0.970,0.941,0.966,0.949
adni_027_S_1387_20070226,0.966,0.950,0.958,0.951,0.959
adni_027_S_1335_20070228,0.979,0.971,0.962,0.975,0.970
adni_027_S_1277_20070209,0.972,0.958,0.954,0.961,0.951
adni_027_S_4869_20120819,0.980,0.979,0.956,0.979,0.955
adni_027_S_4801_20120702,0.977,0.968,0.971,0.961,0.967
adni_027_S_4873_20120808,0.971,0.967,0.963,0.973,0.956
adni_027_S_4757_20140625,0.973,0.969,0.956,0.969,0.941
adni_027_S_4804_20120716,0.958,0.927,0.915,0.964,0.956
adni_027_S_4802_20120722,0.971,0.964,0.962,0.973,0.946
adni_027_S_4938_20120926,0.976,0.964,0.948,0.969,0.964
adni_027_S_4962_20121005,0.976,0.971,0.963,0.975,0.956
adni_027_S_5093_20130227,0.980,0.979,0.961,0.979,0.965
adni_027_S_4966_20121013,0.975,0.974,0.955,0.974,0.953
adni_027_S_4919_20120831,0.969,0.961,0.940,0.961,0.935
adni_027_S_5109_20130325,0.984,0.979,0.964,0.979,0.975
adni_027_S_4926_20120920,0.979,0.972,0.940,0.980,0.959
adni_027_S_4936_20120921,0.983,0.979,0.970,0.977,0.968
adni_027_S_4943_20120918,0.972,0.964,0.954,0.968,0.954
adni_027_S_4964_20121006,0.961,0.954,0.950,0.961,0.947
adni_027_S_4955_20121004,0.977,0.972,0.939,0.973,0.947
adni_027_S_5079_20130212,0.978,0.970,0.947,0.975,0.930
adni_027_S_5083_20130221,0.982,0.980,0.959,0.982,0.959
adni_027_S_5110_20130320,0.968,0.975,0.958,0.965,0.909
adni_027_S_5118_20130329,0.980,0.977,0.964,0.980,0.952
adni_027_S_5127_20130408,0.978,0.977,0.955,0.968,0.946
adni_027_S_5169_20130522,0.974,0.969,0.935,0.971,0.918
adni_027_S_5170_20130523,0.977,0.981,0.966,0.980,0.949
adni_027_S_5288_20130918,0.978,0.978,0.955,0.973,0.963
adni_027_S_5197_20130609,0.971,0.969,0.957,0.970,0.956
adni_029_S_0843_20060913,0.981,0.976,0.964,0.978,0.969
adni_029_S_0836_20060823,0.974,0.961,0.960,0.973,0.955
adni_029_S_0824_20060822,0.970,0.954,0.937,0.973,0.932
adni_027_S_5277_20130820,0.979,0.975,0.952,0.979,0.947
adni_029_S_0845_20060912,0.968,0.966,0.969,0.954,0.959
adni_029_S_1073_20061121,0.978,0.972,0.955,0.976,0.949
adni_029_S_0999_20061130,0.960,0.937,0.900,0.971,0.951
adni_029_S_0866_20060913,0.975,0.973,0.958,0.974,0.956
adni_029_S_0878_20060915,0.971,0.972,0.942,0.967,0.958
adni_029_S_1038_20061121,0.979,0.976,0.967,0.976,0.961
adni_029_S_0871_20061215,0.978,0.975,0.962,0.979,0.961
adni_029_S_1215_20070119,0.955,0.969,0.956,0.955,0.938
adni_029_S_1056_20061127,0.974,0.972,0.954,0.978,0.956
adni_029_S_1318_20070217,0.974,0.973,0.963,0.978,0.945
adni_029_S_1218_20070123,0.979,0.967,0.962,0.971,0.971
adni_029_S_0914_20061218,0.979,0.977,0.967,0.970,0.966
adni_029_S_1184_20070122,0.972,0.968,0.958,0.969,0.956
adni_029_S_1384_20070328,0.977,0.975,0.951,0.976,0.960
adni_029_S_4307_20111117,0.954,0.880,0.911,0.959,0.956
adni_029_S_4290_20111007,0.969,0.971,0.955,0.974,0.945
adni_029_S_4279_20111109,0.979,0.975,0.954,0.973,0.966
adni_029_S_4327_20111103,0.983,0.974,0.969,0.982,0.970
adni_029_S_4385_20120215,0.979,0.979,0.962,0.973,0.936
adni_029_S_5158_20130621,0.972,0.979,0.955,0.970,0.939
adni_029_S_4585_20120417,0.976,0.971,0.916,0.977,0.944
adni_029_S_4652_20120420,0.977,0.970,0.959,0.973,0.958
adni_029_S_4384_20111220,0.976,0.977,0.951,0.973,0.943
adni_029_S_5135_20130424,0.977,0.975,0.952,0.972,0.951
adni_031_S_0867_20060920,0.971,0.969,0.965,0.956,0.955
adni_029_S_5219_20130625,0.982,0.979,0.969,0.978,0.961
adni_031_S_0321_20060321,0.973,0.971,0.943,0.978,0.940
adni_031_S_0618_20060606,0.977,0.975,0.949,0.977,0.950
adni_031_S_0821_20060830,0.968,0.973,0.951,0.963,0.942
adni_031_S_0830_20060913,0.963,0.970,0.948,0.965,0.935
adni_031_S_1066_20061110,0.969,0.971,0.945,0.968,0.945
adni_031_S_0568_20060522,0.971,0.962,0.953,0.967,0.939
adni_029_S_5166_20130522,0.974,0.970,0.939,0.970,0.945
adni_031_S_0773_20060801,0.974,0.944,0.965,0.972,0.965
adni_031_S_0554_20060523,0.972,0.954,0.957,0.967,0.955
adni_031_S_0294_20060316,0.975,0.970,0.951,0.971,0.959
adni_031_S_0351_20060418,0.970,0.954,0.945,0.968,0.952
adni_031_S_2018_20100702,0.977,0.979,0.961,0.976,0.956
adni_031_S_1209_20070112,0.974,0.964,0.958,0.968,0.957
adni_031_S_2022_20100714,0.981,0.980,0.939,0.979,0.951
adni_031_S_2017_20100707,0.984,0.977,0.958,0.979,0.965
adni_031_S_2233_20101215,0.974,0.975,0.948,0.970,0.939
adni_031_S_4021_20110419,0.979,0.971,0.963,0.976,0.958
adni_031_S_4005_20110404,0.976,0.972,0.953,0.974,0.961
adni_031_S_4042_20110512,0.975,0.978,0.947,0.970,0.945
adni_031_S_4029_20110426,0.973,0.971,0.939,0.975,0.934
adni_031_S_4032_20110509,0.978,0.975,0.965,0.972,0.955
adni_031_S_4024_20110422,0.977,0.975,0.945,0.971,0.940
adni_031_S_4149_20110805,0.982,0.971,0.956,0.979,0.958
adni_031_S_4218_20110908,0.978,0.974,0.963,0.975,0.955
adni_031_S_4721_20120514,0.975,0.968,0.950,0.975,0.962
adni_031_S_4194_20110901,0.973,0.964,0.902,0.975,0.923
adni_031_S_4476_20120127,0.968,0.968,0.956,0.963,0.947
adni_031_S_4590_20120315,0.978,0.978,0.923,0.977,0.931
adni_032_S_0147_20060919,0.977,0.979,0.952,0.975,0.954
adni_031_S_4496_20120203,0.970,0.977,0.951,0.967,0.929
adni_032_S_0095_20060713,0.980,0.981,0.953,0.975,0.948
adni_031_S_4203_20110831,0.972,0.964,0.952,0.970,0.955
adni_031_S_4474_20120124,0.973,0.974,0.955,0.964,0.962
adni_031_S_4947_20120928,0.976,0.973,0.947,0.976,0.951
adni_032_S_0187_20060213,0.975,0.970,0.963,0.972,0.951
adni_032_S_0978_20061016,0.977,0.973,0.962,0.969,0.958
adni_032_S_0214_20060220,0.974,0.974,0.953,0.975,0.943
adni_032_S_0718_20060712,0.978,0.974,0.949,0.981,0.956
adni_032_S_0677_20060629,0.981,0.976,0.949,0.982,0.963
adni_032_S_0479_20060515,0.983,0.974,0.954,0.978,0.965
adni_032_S_2247_20101222,0.981,0.977,0.948,0.978,0.945
adni_032_S_1169_20061221,0.972,0.971,0.949,0.969,0.948
adni_032_S_2119_20101005,0.979,0.977,0.965,0.978,0.952
adni_032_S_1101_20061121,0.976,0.975,0.947,0.975,0.962
adni_032_S_2240_20101215,0.978,0.976,0.956,0.975,0.955
adni_032_S_1037_20061102,0.978,0.972,0.956,0.973,0.966
adni_032_S_4921_20120906,0.979,0.971,0.951,0.981,0.957
adni_032_S_4755_20120702,0.973,0.965,0.956,0.966,0.954
adni_033_S_0514_20060518,0.979,0.964,0.968,0.974,0.966
adni_032_S_4429_20111222,0.978,0.977,0.949,0.981,0.953
adni_032_S_5289_20130903,0.980,0.977,0.945,0.981,0.946
adni_032_S_4277_20111019,0.971,0.973,0.944,0.970,0.932
adni_033_S_0513_20060518,0.978,0.973,0.965,0.973,0.945
adni_032_S_5263_20130812,0.973,0.971,0.959,0.960,0.955
adni_032_S_4386_20111213,0.979,0.977,0.952,0.980,0.958
adni_033_S_0511_20060601,0.974,0.976,0.963,0.968,0.950
adni_032_S_4348_20111118,0.980,0.979,0.947,0.980,0.935
adni_032_S_4304_20111027,0.976,0.971,0.948,0.971,0.960
adni_032_S_4823_20120705,0.936,0.940,0.944,0.927,0.911
adni_033_S_0516_20060522,0.973,0.974,0.959,0.969,0.939
adni_033_S_0723_20060714,0.975,0.978,0.964,0.974,0.947
adni_033_S_0724_20060726,0.967,0.944,0.957,0.955,0.946
adni_033_S_0725_20060720,0.972,0.975,0.964,0.969,0.954
adni_033_S_0567_20060517,0.959,0.955,0.956,0.951,0.943
adni_033_S_0734_20060718,0.975,0.979,0.966,0.975,0.952
adni_033_S_0741_20060719,0.976,0.969,0.955,0.967,0.954
adni_033_S_0733_20060718,0.981,0.976,0.952,0.977,0.952
adni_033_S_0888_20060921,0.971,0.965,0.959,0.946,0.959
adni_033_S_0889_20060925,0.971,0.964,0.965,0.956,0.956
adni_033_S_0739_20060719,0.974,0.963,0.964,0.974,0.946
adni_033_S_1016_20061101,0.976,0.972,0.944,0.973,0.939
adni_033_S_0922_20060926,0.963,0.954,0.932,0.966,0.933
adni_033_S_1116_20061121,0.972,0.963,0.961,0.975,0.959
adni_033_S_1281_20070207,0.974,0.964,0.946,0.966,0.949
adni_033_S_1098_20061121,0.979,0.972,0.955,0.980,0.951
adni_033_S_0920_20060922,0.981,0.977,0.969,0.976,0.962
adni_033_S_1087_20061120,0.965,0.973,0.966,0.959,0.953
adni_033_S_0906_20060925,0.976,0.975,0.946,0.976,0.943
adni_033_S_1279_20070212,0.977,0.973,0.935,0.974,0.949
adni_033_S_1283_20070207,0.971,0.970,0.971,0.968,0.958
adni_033_S_1284_20070212,0.972,0.962,0.974,0.968,0.951
adni_033_S_0923_20060929,0.979,0.981,0.969,0.980,0.955
adni_033_S_1086_20061206,0.975,0.965,0.953,0.976,0.948
adni_033_S_1309_20070208,0.975,0.973,0.957,0.975,0.944
adni_033_S_1308_20070208,0.975,0.965,0.954,0.976,0.948
adni_033_S_1285_20070206,0.972,0.968,0.948,0.971,0.956
adni_033_S_4177_20110826,0.975,0.973,0.940,0.977,0.949
adni_033_S_4176_20110825,0.974,0.969,0.914,0.975,0.949
adni_033_S_5087_20130214,0.976,0.973,0.962,0.973,0.956
adni_033_S_5013_20121107,0.974,0.975,0.945,0.977,0.944
adni_033_S_4508_20120207,0.980,0.977,0.957,0.978,0.957
adni_033_S_4179_20110822,0.979,0.980,0.971,0.977,0.966
adni_033_S_4505_20120206,0.979,0.978,0.963,0.976,0.960
adni_033_S_5017_20121108,0.957,0.941,0.960,0.940,0.937
adni_033_S_5235_20130627,0.977,0.975,0.961,0.973,0.954
adni_035_S_2074_20101119,0.970,0.962,0.922,0.971,0.924
adni_033_S_5198_20130603,0.975,0.978,0.953,0.978,0.939
adni_035_S_0555_20060606,0.978,0.975,0.967,0.974,0.966
adni_035_S_0033_20051122,0.966,0.945,0.936,0.959,0.954
adni_033_S_5259_20130725,0.980,0.977,0.952,0.977,0.949
adni_035_S_0048_20051122,0.976,0.974,0.960,0.976,0.937
adni_035_S_0156_20060131,0.975,0.973,0.965,0.973,0.958
adni_035_S_0341_20060406,0.968,0.966,0.962,0.957,0.954
adni_035_S_0292_20060322,0.982,0.973,0.967,0.974,0.963
adni_035_S_2061_20100913,0.973,0.976,0.936,0.976,0.919
adni_035_S_0997_20061129,0.965,0.938,0.943,0.960,0.947
adni_035_S_0204_20060214,0.980,0.971,0.965,0.972,0.965
adni_035_S_4082_20110628,0.978,0.971,0.962,0.974,0.962
adni_035_S_4114_20110715,0.978,0.970,0.920,0.978,0.947
adni_035_S_4085_20110706,0.976,0.980,0.960,0.974,0.930
adni_035_S_2199_20101129,0.976,0.971,0.950,0.973,0.962
adni_035_S_2192_20101208,0.976,0.960,0.906,0.964,0.927
adni_035_S_4414_20120319,0.976,0.978,0.961,0.971,0.938
adni_035_S_4464_20120125,0.975,0.974,0.952,0.976,0.926
adni_035_S_4783_20120702,0.970,0.967,0.939,0.976,0.934
adni_035_S_4784_20120625,0.958,0.902,0.945,0.955,0.936
adni_035_S_4256_20111214,0.977,0.976,0.944,0.979,0.940
adni_035_S_4582_20120320,0.975,0.968,0.961,0.978,0.945
adni_036_S_0673_20060721,0.972,0.954,0.957,0.952,0.952
adni_036_S_0760_20060825,0.971,0.974,0.947,0.964,0.951
adni_036_S_0759_20060822,0.976,0.974,0.967,0.967,0.966
adni_035_S_4785_20130606,0.977,0.980,0.944,0.976,0.941
adni_036_S_0656_20060707,0.978,0.964,0.962,0.981,0.952
adni_036_S_0576_20060601,0.969,0.979,0.946,0.970,0.927
adni_036_S_0976_20061212,0.975,0.967,0.958,0.975,0.956
adni_036_S_0748_20060810,0.980,0.962,0.973,0.968,0.967
adni_036_S_0869_20061030,0.974,0.970,0.965,0.971,0.952
adni_036_S_1240_20070213,0.982,0.966,0.969,0.974,0.970
adni_036_S_0672_20060721,0.976,0.977,0.932,0.974,0.919
adni_036_S_0813_20060825,0.976,0.974,0.946,0.975,0.942
adni_036_S_2378_20110526,0.977,0.976,0.947,0.978,0.941
adni_036_S_0945_20061025,0.977,0.972,0.956,0.978,0.961
adni_036_S_1135_20061227,0.975,0.976,0.949,0.975,0.944
adni_036_S_1023_20061220,0.983,0.974,0.953,0.980,0.960
adni_036_S_0577_20060526,0.965,0.961,0.958,0.950,0.948
adni_036_S_1001_20061120,0.975,0.974,0.963,0.970,0.950
adni_036_S_4389_20111207,0.978,0.978,0.959,0.978,0.936
adni_036_S_4491_20120131,0.981,0.981,0.965,0.981,0.967
adni_036_S_4538_20120305,0.976,0.968,0.950,0.974,0.952
adni_036_S_2380_20110601,0.978,0.973,0.944,0.980,0.941
adni_036_S_4562_20120412,0.976,0.967,0.962,0.974,0.960
adni_036_S_4430_20111223,0.972,0.942,0.955,0.964,0.961
adni_036_S_4714_20120511,0.973,0.971,0.926,0.972,0.917
adni_036_S_4715_20120319,0.975,0.971,0.946,0.973,0.947
adni_036_S_4820_20120717,0.977,0.969,0.962,0.977,0.956
adni_036_S_4736_20120530,0.975,0.955,0.961,0.970,0.960
adni_036_S_4899_20121015,0.969,0.956,0.969,0.944,0.954
adni_036_S_4740_20120525,0.976,0.955,0.952,0.977,0.967
adni_036_S_4878_20120802,0.984,0.977,0.953,0.981,0.963
adni_036_S_4894_20120809,0.978,0.966,0.960,0.973,0.965
adni_036_S_5063_20130116,0.979,0.969,0.967,0.979,0.960
adni_037_S_0182_20060214,0.979,0.975,0.944,0.970,0.954
adni_037_S_0150_20060201,0.976,0.956,0.957,0.968,0.958
adni_036_S_5112_20130506,0.977,0.967,0.968,0.966,0.965
adni_037_S_0303_20060407,0.975,0.967,0.959,0.970,0.956
adni_036_S_5210_20130612,0.974,0.944,0.940,0.973,0.966
adni_036_S_5271_20130801,0.974,0.978,0.975,0.974,0.942
adni_036_S_5283_20130821,0.982,0.978,0.960,0.978,0.966
adni_036_S_5248_20130718,0.979,0.978,0.960,0.973,0.952
adni_036_S_5149_20130415,0.946,0.939,0.941,0.932,0.932
adni_037_S_0377_20060502,0.975,0.978,0.956,0.975,0.941
adni_037_S_0454_20060509,0.973,0.979,0.958,0.975,0.934
adni_037_S_0327_20060419,0.975,0.978,0.968,0.978,0.943
adni_037_S_0501_20060523,0.969,0.968,0.927,0.967,0.934
adni_037_S_0467_20060502,0.973,0.971,0.952,0.970,0.941
adni_037_S_0552_20060524,0.974,0.967,0.952,0.972,0.957
adni_037_S_0539_20060615,0.970,0.959,0.952,0.969,0.955
adni_037_S_0566_20060613,0.980,0.972,0.966,0.968,0.968
adni_037_S_0627_20060706,0.968,0.963,0.950,0.963,0.947
adni_037_S_4030_20110505,0.976,0.968,0.940,0.976,0.947
adni_037_S_4001_20110221,0.980,0.969,0.966,0.969,0.969
adni_037_S_4302_20111026,0.975,0.973,0.963,0.978,0.951
adni_037_S_4028_20110425,0.972,0.973,0.932,0.974,0.934
adni_037_S_1225_20070124,0.971,0.975,0.960,0.964,0.958
adni_037_S_4308_20120220,0.974,0.978,0.953,0.976,0.946
adni_037_S_4015_20110405,0.978,0.972,0.965,0.970,0.968
adni_037_S_4146_20110907,0.972,0.971,0.942,0.974,0.925
adni_037_S_4381_20120118,0.984,0.977,0.962,0.983,0.967
adni_037_S_1421_20070827,0.976,0.973,0.964,0.975,0.950
adni_037_S_2103_20101020,0.976,0.976,0.954,0.976,0.933
adni_037_S_4214_20110912,0.980,0.973,0.967,0.980,0.973
adni_037_S_4071_20110628,0.974,0.973,0.960,0.969,0.957
adni_037_S_0588_20060612,0.979,0.970,0.965,0.976,0.961
adni_037_S_1078_20061129,0.974,0.962,0.945,0.969,0.952
adni_037_S_4706_20120510,0.977,0.972,0.947,0.976,0.932
adni_037_S_4770_20120709,0.960,0.949,0.949,0.953,0.951
adni_037_S_4410_20111219,0.975,0.973,0.938,0.973,0.935
adni_037_S_4750_20120702,0.984,0.982,0.960,0.977,0.962
adni_037_S_4432_20120201,0.981,0.978,0.946,0.981,0.954
adni_037_S_5126_20130425,0.975,0.974,0.949,0.976,0.948
adni_037_S_4879_20120906,0.971,0.962,0.959,0.959,0.951
adni_037_S_5162_20130503,0.983,0.978,0.965,0.981,0.969
adni_041_S_0549_20060613,0.979,0.978,0.950,0.974,0.942
adni_041_S_0125_20060113,0.980,0.979,0.963,0.981,0.952
adni_041_S_1010_20061212,0.972,0.954,0.948,0.967,0.964
adni_041_S_0262_20060317,0.969,0.971,0.939,0.968,0.926
adni_041_S_0282_20060419,0.983,0.978,0.954,0.980,0.956
adni_041_S_0598_20060616,0.977,0.972,0.957,0.973,0.969
adni_041_S_0446_20060502,0.972,0.966,0.958,0.965,0.958
adni_041_S_0679_20060720,0.977,0.973,0.957,0.976,0.945
adni_041_S_0721_20060914,0.981,0.975,0.965,0.976,0.957
adni_041_S_0898_20061018,0.981,0.975,0.966,0.977,0.961
adni_041_S_1260_20070201,0.975,0.973,0.952,0.975,0.945
adni_041_S_1368_20070305,0.969,0.933,0.950,0.967,0.955
adni_041_S_0407_20060428,0.979,0.976,0.963,0.975,0.965
adni_041_S_1002_20061208,0.971,0.973,0.954,0.973,0.934
adni_041_S_0314_20060328,0.973,0.966,0.943,0.972,0.955
adni_037_S_5222_20130711,0.980,0.978,0.962,0.976,0.958
adni_041_S_1391_20070329,0.972,0.969,0.953,0.972,0.964
adni_041_S_1412_20070625,0.975,0.970,0.964,0.970,0.957
adni_041_S_1411_20070716,0.981,0.979,0.955,0.980,0.950
adni_041_S_1418_20070727,0.971,0.963,0.957,0.971,0.937
adni_041_S_1420_20070924,0.979,0.976,0.973,0.973,0.963
adni_041_S_1435_20070907,0.976,0.968,0.944,0.976,0.957
adni_041_S_1425_20070806,0.976,0.971,0.951,0.972,0.944
adni_041_S_1423_20070803,0.963,0.967,0.953,0.968,0.931
adni_041_S_4138_20110722,0.968,0.963,0.954,0.966,0.949
adni_041_S_4014_20110418,0.975,0.967,0.937,0.974,0.945
adni_041_S_4083_20110621,0.981,0.978,0.971,0.973,0.960
adni_041_S_4060_20110601,0.983,0.981,0.958,0.979,0.953
adni_041_S_4271_20111007,0.972,0.972,0.957,0.973,0.947
adni_041_S_4143_20110728,0.979,0.968,0.963,0.973,0.958
adni_041_S_4375_20111216,0.981,0.976,0.954,0.976,0.967
adni_041_S_4510_20120210,0.974,0.973,0.944,0.977,0.934
adni_041_S_4427_20111219,0.973,0.966,0.953,0.970,0.945
adni_041_S_4037_20110524,0.978,0.978,0.963,0.977,0.941
adni_041_S_4041_20110524,0.975,0.968,0.948,0.971,0.950
adni_041_S_4495_20120203,0.975,0.977,0.960,0.975,0.940
adni_041_S_4509_20120210,0.977,0.966,0.951,0.978,0.949
adni_041_S_4200_20110920,0.978,0.981,0.949,0.976,0.941
adni_041_S_4004_20110418,0.982,0.982,0.951,0.977,0.967
adni_041_S_4051_20110622,0.981,0.975,0.961,0.977,0.954
adni_041_S_4629_20120417,0.975,0.976,0.960,0.979,0.947
adni_041_S_4876_20120814,0.971,0.958,0.954,0.969,0.959
adni_041_S_4720_20120514,0.975,0.963,0.936,0.979,0.954
adni_041_S_4513_20120229,0.982,0.976,0.953,0.982,0.966
adni_041_S_4874_20120802,0.979,0.978,0.939,0.979,0.951
adni_041_S_4877_20120830,0.971,0.972,0.959,0.960,0.951
adni_041_S_4974_20121015,0.974,0.977,0.970,0.973,0.957
adni_041_S_4989_20121019,0.981,0.974,0.943,0.981,0.945
adni_051_S_1131_20061215,0.971,0.974,0.969,0.968,0.954
adni_041_S_5082_20130219,0.977,0.977,0.951,0.979,0.949
adni_041_S_5026_20121120,0.981,0.978,0.957,0.979,0.954
adni_041_S_5173_20130515,0.981,0.981,0.962,0.981,0.957
adni_051_S_1040_20061031,0.978,0.976,0.955,0.973,0.963
adni_041_S_5244_20130710,0.977,0.973,0.923,0.977,0.937
adni_051_S_1296_20070212,0.979,0.972,0.973,0.970,0.970
adni_041_S_5141_20130418,0.976,0.974,0.955,0.972,0.955
adni_041_S_5131_20130409,0.983,0.975,0.971,0.978,0.968
adni_041_S_5078_20130215,0.981,0.979,0.970,0.979,0.969
adni_041_S_5097_20130319,0.976,0.977,0.964,0.974,0.943
adni_041_S_5100_20130312,0.982,0.978,0.965,0.978,0.957
adni_041_S_5253_20130718,0.982,0.979,0.955,0.979,0.949
adni_051_S_1072_20061124,0.979,0.969,0.937,0.979,0.952
adni_051_S_1123_20061215,0.974,0.977,0.945,0.977,0.936
adni_041_S_5204_20130611,0.976,0.969,0.960,0.970,0.960
adni_051_S_5005_20121106,0.884,0.922,0.917,0.847,0.864
adni_051_S_4980_20121029,0.972,0.967,0.970,0.965,0.960
adni_051_S_4929_20120918,0.978,0.979,0.960,0.970,0.963
adni_051_S_1338_20070413,0.952,0.962,0.955,0.954,0.922
adni_051_S_1331_20070413,0.979,0.973,0.973,0.978,0.960
adni_051_S_5285_20131028,0.980,0.980,0.981,0.978,0.968
adni_051_S_5294_20131028,0.986,0.978,0.969,0.982,0.967
adni_051_S_5293_20131211,0.980,0.979,0.966,0.978,0.965
adni_052_S_0952_20061019,0.980,0.971,0.955,0.976,0.961
adni_052_S_1054_20061128,0.966,0.974,0.961,0.967,0.940
adni_052_S_0951_20061019,0.969,0.962,0.965,0.968,0.953
adni_052_S_0671_20060705,0.973,0.974,0.925,0.973,0.936
adni_052_S_4945_20121024,0.981,0.984,0.969,0.975,0.958
adni_052_S_4626_20120403,0.972,0.966,0.961,0.968,0.954
adni_052_S_1346_20070313,0.977,0.968,0.971,0.959,0.966
adni_052_S_4885_20120810,0.976,0.977,0.969,0.971,0.951
adni_052_S_4959_20130304,0.983,0.975,0.972,0.977,0.971
adni_052_S_1352_20070306,0.970,0.974,0.955,0.969,0.943
adni_052_S_1250_20070202,0.979,0.977,0.958,0.978,0.962
adni_052_S_4807_20120727,0.977,0.974,0.943,0.974,0.950
adni_052_S_4944_20121019,0.978,0.975,0.934,0.979,0.949
adni_052_S_0989_20061114,0.971,0.951,0.926,0.980,0.932
adni_052_S_5062_20130125,0.981,0.975,0.964,0.977,0.960
adni_052_S_1251_20070209,0.983,0.977,0.960,0.981,0.963
adni_052_S_1168_20061208,0.979,0.976,0.950,0.977,0.954
adni_053_S_0389_20060420,0.975,0.966,0.956,0.973,0.956
adni_053_S_0507_20060515,0.979,0.971,0.947,0.977,0.967
adni_053_S_0621_20060612,0.974,0.970,0.936,0.974,0.951
adni_053_S_0919_20061016,0.976,0.976,0.960,0.975,0.947
adni_053_S_1044_20061026,0.978,0.978,0.963,0.977,0.962
adni_053_S_2357_20110420,0.980,0.972,0.963,0.980,0.958
adni_053_S_4813_20120716,0.978,0.978,0.936,0.974,0.942
adni_053_S_4578_20120316,0.976,0.978,0.963,0.975,0.934
adni_053_S_5070_20130131,0.980,0.961,0.964,0.971,0.972
adni_053_S_4557_20120308,0.974,0.970,0.942,0.970,0.916
adni_053_S_5208_20130617,0.963,0.959,0.945,0.931,0.947
adni_053_S_2396_20110727,0.975,0.971,0.931,0.974,0.951
adni_053_S_5202_20130607,0.976,0.965,0.946,0.978,0.937
adni_057_S_0934_20061004,0.981,0.971,0.942,0.978,0.947
adni_053_S_5272_20130812,0.972,0.976,0.958,0.971,0.936
adni_053_S_4661_20120528,0.973,0.972,0.936,0.974,0.935
adni_057_S_0941_20061011,0.975,0.961,0.959,0.973,0.956
adni_057_S_0779_20060816,0.978,0.979,0.964,0.976,0.964
adni_053_S_5296_20131210,0.971,0.971,0.924,0.968,0.922
adni_057_S_1007_20061025,0.977,0.963,0.955,0.975,0.966
adni_057_S_0957_20061018,0.977,0.972,0.959,0.975,0.952
adni_057_S_0818_20060906,0.976,0.970,0.927,0.974,0.939
adni_057_S_0464_20060517,0.973,0.967,0.967,0.967,0.959
adni_057_S_0839_20060920,0.979,0.971,0.962,0.972,0.960
adni_057_S_0643_20060621,0.976,0.973,0.944,0.973,0.954
adni_053_S_5287_20130910,0.974,0.973,0.948,0.971,0.956
adni_057_S_1217_20070131,0.973,0.975,0.953,0.971,0.941
adni_057_S_1265_20070131,0.977,0.973,0.936,0.976,0.941
adni_057_S_1269_20070131,0.980,0.977,0.959,0.979,0.963
adni_057_S_4888_20120803,0.976,0.968,0.952,0.969,0.958
adni_057_S_4110_20110708,0.977,0.970,0.955,0.977,0.961
adni_062_S_0535_20060518,0.966,0.952,0.955,0.955,0.942
adni_057_S_5292_20131018,0.979,0.981,0.958,0.976,0.942
adni_057_S_4897_20120813,0.975,0.971,0.958,0.974,0.948
adni_062_S_0578_20060530,0.981,0.976,0.959,0.977,0.955
adni_057_S_5295_20131128,0.984,0.973,0.968,0.971,0.973
adni_057_S_1379_20070321,0.942,0.868,0.916,0.884,0.936
adni_062_S_1099_20061120,0.979,0.972,0.952,0.977,0.952
adni_057_S_1373_20070321,0.911,0.935,0.952,0.803,0.906
adni_057_S_1371_20070321,0.975,0.964,0.958,0.973,0.955
adni_057_S_2398_20110705,0.978,0.975,0.966,0.975,0.958
adni_062_S_1299_20070220,0.978,0.970,0.956,0.972,0.960
adni_057_S_5199_20130531,0.977,0.970,0.960,0.978,0.938
adni_062_S_1091_20061128,0.982,0.969,0.966,0.975,0.967
adni_062_S_0793_20060824,0.967,0.962,0.955,0.967,0.937
adni_062_S_0690_20060718,0.981,0.969,0.970,0.971,0.973
adni_057_S_4909_20120823,0.978,0.974,0.971,0.973,0.963
adni_062_S_1182_20070117,0.979,0.975,0.957,0.979,0.942
adni_062_S_1294_20070215,0.972,0.968,0.960,0.972,0.960
adni_062_S_0730_20060719,0.978,0.962,0.964,0.972,0.963
adni_062_S_0768_20060802,0.977,0.967,0.952,0.970,0.962
adni_067_S_0019_20051012,0.977,0.976,0.951,0.973,0.937
adni_067_S_0020_20051012,0.974,0.971,0.954,0.968,0.962
adni_067_S_0024_20051014,0.978,0.973,0.959,0.976,0.963
adni_067_S_0045_20051116,0.974,0.954,0.965,0.969,0.965
adni_067_S_0038_20051110,0.979,0.981,0.957,0.980,0.942
adni_067_S_0059_20051212,0.984,0.978,0.944,0.980,0.960
adni_067_S_0056_20051109,0.981,0.979,0.960,0.979,0.960
adni_067_S_0029_20051014,0.978,0.978,0.963,0.977,0.950
adni_067_S_0098_20060130,0.971,0.971,0.943,0.970,0.958
adni_067_S_0284_20060317,0.979,0.970,0.962,0.973,0.966
adni_067_S_0607_20060627,0.980,0.979,0.956,0.980,0.949
adni_067_S_0243_20060309,0.979,0.970,0.963,0.972,0.960
adni_067_S_0110_20060125,0.969,0.962,0.961,0.938,0.957
adni_067_S_0076_20051206,0.959,0.954,0.942,0.957,0.925
adni_067_S_0077_20051221,0.971,0.975,0.966,0.965,0.958
adni_067_S_0336_20060504,0.971,0.977,0.955,0.968,0.938
adni_067_S_0257_20060519,0.983,0.977,0.971,0.980,0.965
adni_067_S_0290_20060328,0.975,0.971,0.953,0.974,0.959
adni_067_S_1253_20070305,0.979,0.981,0.944,0.979,0.948
adni_067_S_0177_20060310,0.973,0.975,0.966,0.968,0.958
adni_067_S_0176_20060403,0.983,0.977,0.968,0.979,0.967
adni_067_S_1185_20070103,0.978,0.960,0.973,0.969,0.967
adni_067_S_0828_20060905,0.972,0.970,0.963,0.964,0.944
adni_067_S_0812_20061002,0.973,0.967,0.958,0.966,0.964
adni_067_S_2084_20100930,0.975,0.974,0.955,0.975,0.941
adni_067_S_2195_20101119,0.983,0.974,0.967,0.982,0.964
adni_067_S_2196_20101122,0.983,0.979,0.962,0.981,0.964
adni_067_S_2304_20110224,0.978,0.973,0.966,0.978,0.953
adni_067_S_4072_20110706,0.977,0.972,0.953,0.977,0.940
adni_067_S_4054_20110525,0.980,0.976,0.949,0.979,0.935
adni_067_S_2301_20110216,0.979,0.976,0.919,0.977,0.942
adni_067_S_4184_20110908,0.976,0.979,0.958,0.970,0.950
adni_067_S_4310_20111027,0.974,0.972,0.936,0.976,0.932
adni_067_S_4113_20110719,0.979,0.980,0.961,0.976,0.957
adni_067_S_5205_20130617,0.976,0.970,0.954,0.974,0.950
adni_067_S_4212_20110906,0.971,0.969,0.961,0.973,0.932
adni_067_S_4782_20120726,0.981,0.978,0.962,0.978,0.957
adni_068_S_0442_20060509,0.974,0.955,0.941,0.971,0.958
adni_067_S_4918_20120921,0.972,0.974,0.941,0.973,0.919
adni_067_S_4728_20120601,0.948,0.976,0.964,0.933,0.923
adni_068_S_0127_20060214,0.972,0.981,0.959,0.971,0.936
adni_067_S_5159_20130502,0.978,0.973,0.953,0.976,0.950
adni_067_S_5160_20130517,0.977,0.962,0.959,0.973,0.953
adni_067_S_4767_20120611,0.975,0.974,0.955,0.977,0.946
adni_068_S_0401_20060425,0.977,0.978,0.955,0.980,0.939
adni_068_S_0210_20060216,0.975,0.976,0.946,0.978,0.930
adni_067_S_5212_20130711,0.979,0.973,0.969,0.981,0.959
adni_068_S_0109_20060103,0.975,0.975,0.960,0.974,0.963
adni_068_S_0473_20060503,0.975,0.977,0.951,0.978,0.936
adni_068_S_0476_20060511,0.973,0.975,0.946,0.973,0.950
adni_068_S_0802_20140814,0.981,0.975,0.953,0.976,0.958
adni_068_S_0872_20061024,0.971,0.951,0.923,0.970,0.945
adni_068_S_0478_20060516,0.976,0.970,0.937,0.977,0.930
adni_068_S_1075_20061214,0.976,0.973,0.963,0.971,0.950
adni_068_S_2168_20101101,0.978,0.975,0.955,0.975,0.946
adni_068_S_1191_20070123,0.975,0.968,0.958,0.976,0.947
adni_068_S_2171_20101109,0.980,0.976,0.958,0.975,0.944
adni_068_S_2194_20101115,0.981,0.974,0.969,0.978,0.959
adni_068_S_2184_20101115,0.979,0.978,0.945,0.979,0.946
adni_068_S_4274_20111010,0.977,0.982,0.948,0.977,0.943
adni_068_S_2193_20101202,0.975,0.970,0.966,0.972,0.958
adni_068_S_2187_20101115,0.964,0.966,0.920,0.959,0.907
adni_068_S_4067_20110606,0.976,0.973,0.947,0.977,0.950
adni_068_S_4061_20110603,0.967,0.970,0.924,0.968,0.925
adni_068_S_4217_20110906,0.980,0.977,0.966,0.975,0.957
adni_068_S_4174_20110819,0.982,0.979,0.936,0.979,0.942
adni_068_S_2315_20110308,0.980,0.979,0.966,0.978,0.958
adni_068_S_4340_20111128,0.974,0.961,0.933,0.965,0.935
adni_068_S_2248_20101221,0.982,0.974,0.970,0.980,0.975
adni_068_S_2316_20110310,0.983,0.973,0.957,0.979,0.970
adni_068_S_4134_20110728,0.985,0.980,0.954,0.981,0.965
adni_068_S_4332_20111114,0.963,0.966,0.963,0.954,0.946
adni_068_S_4424_20111223,0.977,0.974,0.950,0.974,0.944
adni_068_S_4431_20120206,0.977,0.968,0.955,0.977,0.961
adni_068_S_5146_20130515,0.978,0.977,0.960,0.973,0.951
adni_068_S_4859_20120803,0.967,0.970,0.946,0.968,0.954
adni_068_S_5206_20130626,0.982,0.968,0.959,0.973,0.978
adni_068_S_4914_20120904,0.978,0.972,0.945,0.971,0.921
adni_070_S_4719_20120521,0.978,0.965,0.971,0.975,0.966
adni_068_S_4968_20130215,0.976,0.972,0.973,0.969,0.967
adni_070_S_4856_20120725,0.983,0.978,0.965,0.979,0.955
adni_070_S_4708_20120515,0.982,0.969,0.939,0.981,0.959
adni_070_S_4692_20120508,0.967,0.962,0.960,0.960,0.948
adni_072_S_2037_20100809,0.983,0.978,0.956,0.983,0.978
adni_070_S_4798_20120628,0.976,0.959,0.960,0.973,0.963
adni_072_S_1380_20070416,0.980,0.978,0.968,0.977,0.965
adni_072_S_2093_20101008,0.971,0.967,0.927,0.972,0.898
adni_072_S_0315_20060329,0.979,0.976,0.952,0.974,0.950
adni_070_S_4793_20120625,0.973,0.962,0.962,0.965,0.962
adni_072_S_2083_20100914,0.976,0.955,0.954,0.971,0.965
adni_072_S_2070_20100907,0.978,0.968,0.927,0.971,0.931
adni_072_S_2026_20100726,0.983,0.977,0.962,0.978,0.976
adni_070_S_5040_20121203,0.978,0.973,0.952,0.977,0.936
adni_072_S_1211_20070309,0.980,0.970,0.962,0.975,0.971
adni_072_S_2072_20100909,0.980,0.972,0.968,0.971,0.964
adni_072_S_2027_20100722,0.976,0.969,0.937,0.973,0.943
adni_072_S_2164_20101102,0.982,0.983,0.957,0.978,0.948
adni_072_S_2116_20101026,0.971,0.974,0.960,0.969,0.944
adni_072_S_4007_20110308,0.978,0.981,0.974,0.974,0.954
adni_072_S_4057_20110607,0.976,0.967,0.962,0.976,0.939
adni_072_S_4131_20110725,0.967,0.971,0.961,0.958,0.944
adni_072_S_4102_20110720,0.968,0.970,0.952,0.956,0.956
adni_072_S_4226_20110926,0.974,0.955,0.888,0.973,0.923
adni_072_S_4206_20110902,0.982,0.977,0.967,0.983,0.966
adni_072_S_4063_20110617,0.981,0.976,0.935,0.981,0.947
adni_072_S_4390_20111208,0.977,0.974,0.943,0.972,0.943
adni_072_S_4465_20120214,0.980,0.975,0.947,0.977,0.949
adni_072_S_4103_20110720,0.980,0.972,0.956,0.978,0.955
adni_072_S_4383_20111209,0.979,0.975,0.965,0.977,0.959
adni_072_S_4394_20111228,0.981,0.979,0.973,0.978,0.965
adni_072_S_4769_20120712,0.974,0.976,0.954,0.973,0.938
adni_072_S_4445_20120117,0.977,0.978,0.951,0.975,0.955
adni_072_S_4606_20120402,0.980,0.979,0.954,0.979,0.936
adni_072_S_4391_20120106,0.985,0.981,0.959,0.983,0.965
adni_072_S_4613_20120402,0.981,0.981,0.967,0.978,0.961
adni_072_S_4522_20120217,0.978,0.973,0.970,0.977,0.966
adni_072_S_4462_20120202,0.976,0.967,0.967,0.976,0.954
adni_072_S_4610_20120330,0.977,0.974,0.950,0.971,0.940
adni_072_S_4539_20120305,0.977,0.971,0.956,0.971,0.959
adni_072_S_4694_20120615,0.978,0.976,0.946,0.975,0.952
adni_072_S_4871_20120809,0.980,0.976,0.945,0.981,0.960
adni_072_S_4941_20121010,0.976,0.969,0.948,0.975,0.960
adni_072_S_5207_20130612,0.982,0.974,0.958,0.978,0.966
adni_073_S_0089_20060126,0.982,0.980,0.960,0.981,0.965
adni_073_S_0386_20060420,0.977,0.971,0.946,0.974,0.944
adni_073_S_0311_20060531,0.975,0.978,0.964,0.968,0.956
adni_073_S_0518_20060911,0.977,0.975,0.957,0.978,0.945
adni_073_S_0445_20060619,0.980,0.975,0.966,0.979,0.968
adni_073_S_0565_20060621,0.933,0.963,0.934,0.888,0.925
adni_073_S_4230_20110909,0.980,0.971,0.971,0.976,0.968
adni_073_S_2225_20110127,0.977,0.979,0.951,0.977,0.945
adni_073_S_0312_20060531,0.974,0.971,0.957,0.976,0.955
adni_073_S_0909_20061002,0.974,0.969,0.961,0.968,0.942
adni_073_S_2191_20110107,0.981,0.978,0.965,0.976,0.956
adni_073_S_0746_20061130,0.981,0.980,0.949,0.979,0.959
adni_073_S_0652_20061127,0.973,0.966,0.945,0.970,0.935
adni_073_S_4216_20110831,0.980,0.973,0.945,0.979,0.961
adni_073_S_2153_20101105,0.977,0.976,0.956,0.971,0.955
adni_073_S_1207_20070215,0.960,0.967,0.916,0.959,0.895
adni_073_S_2264_20110203,0.981,0.979,0.956,0.979,0.955
adni_073_S_1357_20070409,0.961,0.899,0.931,0.961,0.953
adni_073_S_2190_20101209,0.982,0.970,0.963,0.977,0.968
adni_073_S_4155_20110728,0.979,0.979,0.945,0.978,0.943
adni_073_S_2182_20101130,0.971,0.961,0.888,0.977,0.944
adni_073_S_4259_20111007,0.980,0.977,0.965,0.978,0.955
adni_073_S_4311_20111017,0.981,0.973,0.957,0.976,0.960
adni_073_S_4300_20111012,0.976,0.974,0.964,0.979,0.958
adni_073_S_4360_20111104,0.984,0.983,0.951,0.984,0.955
adni_073_S_4312_20111017,0.979,0.973,0.958,0.983,0.942
adni_073_S_4403_20111128,0.969,0.971,0.953,0.970,0.924
adni_073_S_4382_20111115,0.982,0.973,0.940,0.982,0.953
adni_073_S_4559_20120224,0.979,0.977,0.973,0.974,0.954
adni_073_S_4739_20120516,0.981,0.969,0.929,0.979,0.965
adni_073_S_4540_20120210,0.980,0.978,0.962,0.977,0.959
adni_073_S_4393_20111122,0.979,0.971,0.955,0.978,0.947
adni_073_S_4748_20120518,0.976,0.978,0.962,0.973,0.939
adni_073_S_4552_20120215,0.967,0.968,0.938,0.971,0.930
adni_073_S_4762_20120524,0.984,0.983,0.955,0.981,0.959
adni_073_S_4986_20121004,0.971,0.955,0.960,0.963,0.952
adni_073_S_5023_20120613,0.975,0.970,0.939,0.976,0.932
adni_073_S_4995_20121011,0.978,0.975,0.959,0.975,0.939
adni_073_S_4443_20111222,0.981,0.976,0.955,0.978,0.951
adni_073_S_4853_20120711,0.977,0.977,0.955,0.976,0.954
adni_073_S_4614_20120316,0.980,0.973,0.956,0.977,0.959
adni_073_S_4825_20120626,0.982,0.981,0.960,0.983,0.956
adni_073_S_4777_20120601,0.975,0.966,0.969,0.975,0.950
adni_073_S_5016_20121025,0.972,0.972,0.943,0.966,0.949
adni_073_S_4795_20120606,0.980,0.980,0.957,0.978,0.954
adni_073_S_5167_20130426,0.972,0.979,0.943,0.971,0.912
adni_073_S_5090_20130207,0.976,0.972,0.944,0.974,0.948
adni_073_S_5227_20130617,0.981,0.980,0.957,0.979,0.958
adni_082_S_0363_20060328,0.979,0.975,0.968,0.978,0.958
adni_082_S_0304_20060321,0.977,0.978,0.951,0.974,0.956
adni_082_S_0469_20060606,0.981,0.976,0.971,0.978,0.970
adni_082_S_0641_20060619,0.968,0.944,0.946,0.965,0.958
adni_082_S_1119_20061207,0.977,0.978,0.965,0.975,0.951
adni_082_S_1256_20070216,0.982,0.975,0.944,0.980,0.959
adni_082_S_1079_20061116,0.952,0.950,0.958,0.926,0.939
adni_082_S_0640_20060703,0.982,0.979,0.952,0.978,0.965
adni_082_S_2099_20100920,0.970,0.969,0.947,0.967,0.948
adni_082_S_0832_20060830,0.974,0.969,0.966,0.968,0.958
adni_082_S_0761_20060807,0.974,0.978,0.955,0.978,0.939
adni_082_S_2121_20101012,0.973,0.977,0.937,0.976,0.927
adni_082_S_0928_20060929,0.975,0.969,0.961,0.974,0.957
adni_082_S_4244_20111019,0.964,0.964,0.966,0.937,0.961
adni_082_S_1377_20070320,0.971,0.975,0.966,0.969,0.960
adni_082_S_2307_20110215,0.973,0.970,0.954,0.974,0.954
adni_082_S_4090_20110620,0.981,0.983,0.929,0.980,0.951
adni_082_S_4208_20110830,0.974,0.977,0.960,0.973,0.939
adni_082_S_4428_20111220,0.982,0.980,0.950,0.981,0.953
adni_082_S_4224_20110921,0.980,0.976,0.959,0.979,0.956
adni_082_S_4339_20111109,0.982,0.980,0.964,0.980,0.974
adni_082_S_5014_20121101,0.971,0.973,0.958,0.970,0.949
adni_082_S_5279_20130819,0.979,0.969,0.948,0.978,0.958
adni_082_S_5278_20130815,0.980,0.981,0.971,0.980,0.951
adni_082_S_5029_20121114,0.976,0.957,0.946,0.967,0.953
adni_094_S_0489_20060509,0.972,0.970,0.933,0.973,0.929
adni_094_S_0434_20060420,0.979,0.976,0.961,0.976,0.961
adni_094_S_0692_20060721,0.980,0.975,0.961,0.978,0.961
adni_094_S_0526_20060516,0.978,0.969,0.938,0.975,0.957
adni_094_S_0964_20061010,0.967,0.967,0.959,0.958,0.944
adni_094_S_0711_20060710,0.977,0.978,0.954,0.975,0.963
adni_094_S_0531_20060516,0.971,0.955,0.950,0.973,0.948
adni_082_S_5184_20130522,0.977,0.960,0.959,0.970,0.958
adni_094_S_1188_20061228,0.977,0.975,0.954,0.974,0.944
adni_082_S_5179_20130516,0.984,0.979,0.956,0.982,0.962
adni_094_S_0921_20061002,0.971,0.974,0.951,0.965,0.949
adni_094_S_1027_20061026,0.972,0.972,0.960,0.961,0.929
adni_094_S_1090_20061204,0.979,0.978,0.965,0.973,0.965
adni_094_S_1015_20061030,0.979,0.969,0.961,0.978,0.964
adni_082_S_5282_20130829,0.977,0.979,0.970,0.979,0.947
adni_094_S_1164_20061211,0.971,0.963,0.963,0.954,0.946
adni_094_S_1267_20070316,0.971,0.967,0.944,0.969,0.928
adni_094_S_1241_20070216,0.978,0.975,0.954,0.972,0.954
adni_094_S_1293_20070312,0.982,0.973,0.955,0.976,0.963
adni_094_S_1102_20061124,0.972,0.965,0.965,0.960,0.967
adni_094_S_1314_20070226,0.978,0.975,0.940,0.976,0.948
adni_094_S_1330_20070222,0.965,0.965,0.898,0.964,0.909
adni_094_S_1397_20070426,0.981,0.968,0.964,0.975,0.965
adni_094_S_4234_20111018,0.973,0.974,0.952,0.976,0.944
adni_094_S_4434_20120118,0.981,0.972,0.958,0.980,0.956
adni_094_S_4503_20120222,0.977,0.979,0.959,0.974,0.942
adni_094_S_1402_20070510,0.970,0.978,0.969,0.959,0.946
adni_094_S_1417_20070716,0.976,0.968,0.954,0.972,0.954
adni_094_S_4162_20110816,0.969,0.964,0.952,0.973,0.938
adni_094_S_4282_20111020,0.955,0.951,0.948,0.954,0.928
adni_094_S_4459_20120207,0.980,0.975,0.946,0.979,0.938
adni_094_S_1398_20070503,0.973,0.965,0.965,0.959,0.965
adni_094_S_4089_20110629,0.970,0.967,0.951,0.971,0.941
adni_094_S_4630_20120403,0.977,0.978,0.958,0.976,0.952
adni_094_S_4858_20120911,0.968,0.958,0.904,0.950,0.886
adni_098_S_0172_20060226,0.975,0.964,0.919,0.970,0.938
adni_094_S_4737_20120608,0.977,0.965,0.957,0.970,0.959
adni_094_S_4560_20120316,0.982,0.978,0.954,0.981,0.956
adni_098_S_0149_20060122,0.970,0.976,0.948,0.972,0.938
adni_098_S_0160_20060128,0.970,0.959,0.957,0.960,0.957
adni_094_S_4649_20120510,0.973,0.972,0.941,0.972,0.941
adni_098_S_0269_20060304,0.977,0.973,0.966,0.969,0.961
adni_098_S_0171_20060204,0.977,0.971,0.960,0.976,0.961
adni_098_S_0288_20060325,0.959,0.959,0.956,0.961,0.945
adni_098_S_0896_20060925,0.977,0.965,0.953,0.974,0.955
adni_098_S_4003_20110322,0.981,0.979,0.957,0.981,0.954
adni_098_S_0667_20060624,0.980,0.978,0.964,0.977,0.961
adni_098_S_0884_20061216,0.972,0.968,0.965,0.970,0.948
adni_098_S_0542_20060521,0.940,0.875,0.862,0.966,0.945
adni_098_S_4018_20110422,0.980,0.976,0.962,0.976,0.957
adni_098_S_4050_20110527,0.971,0.975,0.963,0.961,0.940
adni_098_S_2079_20111024,0.970,0.965,0.949,0.968,0.942
adni_098_S_4275_20111017,0.979,0.982,0.957,0.978,0.946
adni_098_S_4201_20110914,0.975,0.975,0.941,0.967,0.947
adni_099_S_0111_20060118,0.979,0.971,0.959,0.975,0.964
adni_098_S_4506_20120224,0.980,0.975,0.958,0.978,0.969
adni_099_S_0051_20051115,0.965,0.970,0.940,0.964,0.920
adni_098_S_4059_20110524,0.976,0.977,0.968,0.972,0.949
adni_099_S_0090_20060111,0.978,0.978,0.962,0.971,0.960
adni_098_S_4215_20110912,0.974,0.966,0.965,0.970,0.962
adni_099_S_0040_20051024,0.976,0.969,0.942,0.974,0.938
adni_099_S_0060_20051207,0.971,0.977,0.957,0.974,0.942
adni_099_S_0470_20060510,0.973,0.976,0.953,0.972,0.944
adni_099_S_0492_20060525,0.976,0.963,0.966,0.967,0.968
adni_099_S_0291_20060309,0.974,0.974,0.959,0.972,0.948
adni_099_S_0372_20060421,0.969,0.960,0.948,0.969,0.959
adni_099_S_0054_20051116,0.973,0.961,0.972,0.958,0.962
adni_099_S_0352_20060407,0.973,0.974,0.926,0.977,0.945
adni_099_S_1144_20061219,0.978,0.967,0.958,0.975,0.961
adni_099_S_0958_20061020,0.978,0.976,0.964,0.974,0.957
adni_099_S_0534_20060504,0.983,0.980,0.963,0.983,0.954
adni_099_S_1034_20061102,0.978,0.976,0.949,0.977,0.966
adni_099_S_0533_20060525,0.977,0.965,0.969,0.971,0.966
adni_099_S_0551_20060518,0.978,0.967,0.954,0.979,0.949
adni_099_S_2063_20101015,0.980,0.981,0.947,0.978,0.952
adni_099_S_4124_20110728,0.971,0.966,0.963,0.970,0.951
adni_099_S_2146_20101109,0.973,0.978,0.952,0.972,0.943
adni_099_S_2042_20100818,0.979,0.975,0.972,0.971,0.966
adni_099_S_2205_20101130,0.972,0.947,0.956,0.975,0.944
adni_099_S_0880_20061005,0.962,0.952,0.950,0.965,0.951
adni_099_S_4463_20120202,0.980,0.974,0.950,0.974,0.952
adni_099_S_4202_20110927,0.977,0.975,0.950,0.976,0.942
adni_099_S_4022_20110425,0.979,0.973,0.957,0.972,0.976
adni_099_S_4076_20110614,0.979,0.977,0.948,0.979,0.950
adni_099_S_4104_20110701,0.982,0.979,0.959,0.983,0.958
adni_099_S_4205_20111007,0.980,0.974,0.961,0.978,0.960
adni_099_S_4498_20120315,0.973,0.961,0.952,0.976,0.954
adni_099_S_4480_20120217,0.977,0.971,0.925,0.978,0.938
adni_099_S_4086_20110628,0.982,0.975,0.961,0.972,0.974
adni_099_S_4565_20120327,0.983,0.978,0.953,0.980,0.964
adni_099_S_4157_20110823,0.978,0.977,0.951,0.967,0.962
adni_099_S_4475_20120201,0.970,0.963,0.954,0.973,0.946
adni_100_S_0035_20090319,0.977,0.972,0.963,0.977,0.945
adni_100_S_0015_20090427,0.977,0.974,0.947,0.979,0.950
adni_099_S_4994_20121203,0.972,0.928,0.949,0.975,0.969
adni_100_S_1286_20140220,0.971,0.976,0.964,0.969,0.939
adni_100_S_0069_20140128,0.978,0.974,0.970,0.975,0.955
adni_109_S_0876_20060919,0.982,0.976,0.960,0.981,0.965
adni_109_S_0777_20060907,0.977,0.968,0.948,0.974,0.937
adni_100_S_5075_20130305,0.979,0.973,0.952,0.974,0.954
adni_100_S_0296_20060403,0.976,0.976,0.951,0.973,0.942
adni_100_S_4511_20120309,0.973,0.974,0.939,0.975,0.927
adni_100_S_5091_20130306,0.979,0.976,0.952,0.976,0.957
adni_100_S_4469_20120308,0.975,0.972,0.938,0.976,0.946
adni_100_S_1154_20061221,0.977,0.972,0.971,0.971,0.970
adni_100_S_4556_20120426,0.978,0.979,0.959,0.982,0.942
adni_109_S_0840_20060907,0.977,0.970,0.955,0.978,0.946
adni_100_S_4512_20120418,0.971,0.965,0.937,0.973,0.914
adni_100_S_2351_20110513,0.966,0.958,0.968,0.962,0.944
adni_109_S_0950_20061025,0.982,0.974,0.973,0.972,0.967
adni_100_S_5096_20130328,0.974,0.974,0.950,0.978,0.953
adni_100_S_4884_20130206,0.977,0.968,0.947,0.966,0.917
adni_100_S_5102_20130329,0.977,0.973,0.947,0.975,0.946
adni_100_S_5106_20130422,0.972,0.966,0.967,0.973,0.958
adni_100_S_5280_20130816,0.980,0.974,0.936,0.980,0.950
adni_100_S_5246_20130820,0.976,0.967,0.967,0.970,0.957
adni_109_S_1014_20061228,0.981,0.981,0.965,0.980,0.965
adni_109_S_0967_20061023,0.976,0.978,0.958,0.971,0.955
adni_109_S_1013_20061108,0.971,0.971,0.949,0.963,0.932
adni_109_S_1157_20070103,0.977,0.963,0.959,0.975,0.963
adni_109_S_1114_20061227,0.983,0.976,0.963,0.976,0.970
adni_109_S_1192_20070111,0.970,0.970,0.952,0.969,0.930
adni_109_S_4260_20111014,0.972,0.971,0.953,0.968,0.944
adni_114_S_0166_20060210,0.971,0.978,0.958,0.966,0.942
adni_109_S_1343_20070320,0.978,0.981,0.967,0.979,0.962
adni_114_S_0979_20061101,0.981,0.969,0.972,0.976,0.970
adni_109_S_4594_20120330,0.977,0.974,0.937,0.975,0.934
adni_114_S_0378_20060404,0.980,0.973,0.965,0.981,0.958
adni_109_S_1183_20070103,0.969,0.962,0.925,0.966,0.934
adni_109_S_4531_20120313,0.979,0.971,0.961,0.976,0.966
adni_109_S_4455_20120202,0.975,0.980,0.954,0.973,0.936
adni_114_S_0601_20060605,0.985,0.976,0.973,0.980,0.975
adni_114_S_0374_20060410,0.977,0.964,0.960,0.971,0.961
adni_109_S_4380_20111222,0.974,0.972,0.947,0.970,0.942
adni_114_S_0458_20060509,0.977,0.979,0.944,0.980,0.954
adni_114_S_0228_20060216,0.958,0.909,0.935,0.950,0.955
adni_109_S_4499_20120308,0.977,0.976,0.949,0.978,0.933
adni_114_S_0410_20060418,0.978,0.978,0.935,0.975,0.938
adni_114_S_0173_20060210,0.982,0.980,0.969,0.981,0.963
adni_114_S_0416_20060420,0.979,0.975,0.971,0.972,0.951
adni_114_S_1103_20061130,0.979,0.966,0.965,0.974,0.964
adni_114_S_1106_20061121,0.974,0.977,0.940,0.977,0.937
adni_114_S_1118_20061208,0.976,0.970,0.960,0.969,0.958
adni_114_S_4379_20111207,0.975,0.959,0.952,0.969,0.960
adni_114_S_5234_20130627,0.982,0.970,0.962,0.979,0.975
adni_114_S_2392_20110621,0.977,0.971,0.940,0.981,0.941
adni_114_S_5047_20121207,0.979,0.977,0.953,0.976,0.950
adni_116_S_0370_20060424,0.974,0.972,0.954,0.975,0.943
adni_114_S_4404_20120120,0.978,0.969,0.949,0.973,0.952
adni_116_S_0487_20060601,0.973,0.958,0.965,0.965,0.965
adni_116_S_0657_20060824,0.972,0.969,0.952,0.969,0.941
adni_116_S_0392_20060605,0.969,0.949,0.965,0.962,0.953
adni_116_S_0361_20060427,0.977,0.974,0.955,0.976,0.960
adni_116_S_0382_20060515,0.983,0.979,0.962,0.979,0.960
adni_116_S_0649_20060724,0.977,0.975,0.964,0.973,0.951
adni_116_S_1083_20061109,0.978,0.972,0.953,0.977,0.936
adni_116_S_0890_20070122,0.977,0.973,0.940,0.973,0.949
adni_116_S_0752_20060816,0.968,0.970,0.968,0.967,0.950
adni_116_S_0648_20060803,0.970,0.977,0.924,0.961,0.892
adni_116_S_0360_20060502,0.980,0.978,0.962,0.968,0.942
adni_116_S_1243_20070207,0.975,0.943,0.936,0.965,0.953
adni_116_S_1232_20070124,0.973,0.969,0.951,0.971,0.945
adni_116_S_0834_20060929,0.970,0.963,0.956,0.966,0.942
adni_116_S_1249_20070207,0.977,0.974,0.935,0.976,0.940
adni_116_S_2270_20110112,0.983,0.974,0.955,0.981,0.962
adni_116_S_1271_20070221,0.973,0.970,0.971,0.963,0.958
adni_116_S_1315_20070308,0.977,0.968,0.958,0.972,0.959
adni_116_S_4092_20110624,0.982,0.971,0.958,0.979,0.959
adni_116_S_4043_20110517,0.981,0.981,0.957,0.984,0.947
adni_116_S_4195_20110831,0.979,0.976,0.944,0.974,0.961
adni_116_S_4010_20110331,0.961,0.951,0.902,0.964,0.929
adni_116_S_4199_20110824,0.981,0.978,0.947,0.980,0.950
adni_116_S_4167_20110810,0.980,0.979,0.958,0.978,0.966
adni_116_S_4175_20110815,0.978,0.977,0.944,0.976,0.959
adni_116_S_4209_20110829,0.972,0.974,0.958,0.970,0.930
adni_116_S_4635_20120329,0.978,0.972,0.935,0.980,0.951
adni_116_S_4338_20111102,0.953,0.956,0.951,0.932,0.945
adni_116_S_4625_20120329,0.971,0.966,0.943,0.969,0.908
adni_116_S_4732_20120531,0.974,0.965,0.957,0.969,0.958
adni_116_S_4537_20120216,0.972,0.972,0.961,0.966,0.937
adni_116_S_4453_20120118,0.982,0.982,0.967,0.980,0.962
adni_121_S_0953_20061204,0.976,0.967,0.975,0.971,0.967
adni_116_S_4483_20120125,0.979,0.978,0.953,0.975,0.935
adni_123_S_0050_20051111,0.949,0.952,0.962,0.891,0.933
adni_116_S_4855_20120720,0.974,0.976,0.965,0.972,0.953
adni_121_S_1322_20070302,0.970,0.976,0.951,0.963,0.946
adni_121_S_1350_20070309,0.981,0.976,0.956,0.976,0.963
adni_116_S_4898_20120808,0.983,0.978,0.959,0.983,0.968
adni_123_S_0072_20060104,0.969,0.968,0.948,0.965,0.917
adni_123_S_0088_20060106,0.977,0.963,0.953,0.973,0.962
adni_123_S_0091_20051223,0.973,0.978,0.945,0.969,0.936
adni_123_S_1300_20090326,0.978,0.974,0.975,0.974,0.962
adni_123_S_0094_20051228,0.953,0.967,0.954,0.931,0.936
adni_123_S_0106_20090120,0.978,0.967,0.962,0.971,0.958
adni_123_S_0162_20060208,0.973,0.978,0.946,0.971,0.948
adni_123_S_0113_20090311,0.979,0.977,0.972,0.968,0.972
adni_123_S_0298_20090417,0.968,0.971,0.939,0.968,0.933
adni_123_S_0390_20060411,0.983,0.979,0.971,0.981,0.973
adni_123_S_4170_20110827,0.977,0.980,0.945,0.971,0.943
adni_123_S_0108_20060201,0.976,0.976,0.962,0.975,0.953
adni_123_S_2055_20100819,0.973,0.977,0.956,0.970,0.940
adni_123_S_4127_20110803,0.981,0.977,0.952,0.980,0.953
adni_123_S_4806_20120621,0.980,0.978,0.960,0.979,0.957
adni_123_S_4096_20110728,0.976,0.955,0.967,0.963,0.959
adni_123_S_4362_20111128,0.975,0.982,0.955,0.977,0.918
adni_123_S_2363_20110422,0.980,0.978,0.942,0.977,0.947
adni_126_S_0605_20060615,0.982,0.975,0.956,0.981,0.959
adni_123_S_4526_20120209,0.975,0.959,0.968,0.973,0.960
adni_123_S_4780_20120621,0.978,0.975,0.961,0.976,0.957
adni_126_S_0506_20060614,0.974,0.979,0.957,0.975,0.923
adni_126_S_0405_20060516,0.976,0.977,0.950,0.976,0.937
adni_123_S_4904_20120906,0.975,0.972,0.959,0.973,0.954
adni_126_S_0680_20060705,0.984,0.984,0.969,0.979,0.968
adni_126_S_0606_20060720,0.966,0.964,0.930,0.954,0.945
adni_126_S_0708_20060717,0.972,0.968,0.942,0.975,0.937
adni_126_S_0891_20060925,0.972,0.976,0.965,0.967,0.953
adni_126_S_0784_20061005,0.971,0.967,0.964,0.965,0.938
adni_126_S_0865_20061106,0.978,0.973,0.963,0.976,0.958
adni_126_S_0709_20060726,0.976,0.978,0.972,0.974,0.956
adni_126_S_1340_20070314,0.976,0.977,0.965,0.969,0.954
adni_126_S_4686_20120427,0.977,0.972,0.956,0.977,0.959
adni_126_S_4458_20120120,0.973,0.971,0.952,0.965,0.945
adni_126_S_4514_20120210,0.981,0.981,0.963,0.979,0.959
adni_126_S_4712_20120508,0.968,0.964,0.926,0.979,0.937
adni_126_S_5214_20130611,0.977,0.980,0.958,0.976,0.933
adni_126_S_4494_20120131,0.971,0.959,0.956,0.950,0.950
adni_126_S_1187_20070117,0.971,0.977,0.948,0.974,0.935
adni_126_S_1221_20070123,0.958,0.961,0.968,0.938,0.939
adni_126_S_1077_20061206,0.969,0.969,0.936,0.969,0.934
adni_127_S_0112_20060113,0.983,0.982,0.970,0.982,0.966
adni_126_S_4896_20120808,0.975,0.976,0.930,0.973,0.934
adni_126_S_4891_20120803,0.968,0.966,0.908,0.970,0.911
adni_126_S_4743_20120524,0.978,0.976,0.957,0.978,0.964
adni_126_S_4675_20120420,0.979,0.966,0.965,0.971,0.960
adni_126_S_4507_20120203,0.978,0.974,0.958,0.974,0.964
adni_126_S_5243_20130716,0.978,0.978,0.962,0.977,0.943
adni_127_S_0394_20060517,0.976,0.947,0.956,0.971,0.964
adni_127_S_0259_20060313,0.977,0.971,0.958,0.971,0.960
adni_127_S_0393_20060412,0.979,0.974,0.966,0.975,0.963
adni_127_S_0260_20060323,0.979,0.977,0.941,0.978,0.956
adni_127_S_0684_20060713,0.970,0.970,0.916,0.975,0.928
adni_127_S_0431_20060517,0.959,0.956,0.952,0.950,0.941
adni_127_S_0754_20060905,0.976,0.973,0.961,0.969,0.957
adni_127_S_1427_20070820,0.977,0.974,0.935,0.978,0.930
adni_127_S_4148_20110811,0.980,0.977,0.941,0.980,0.952
adni_127_S_1210_20070206,0.979,0.979,0.964,0.979,0.951
adni_127_S_0397_20060515,0.973,0.973,0.952,0.969,0.955
adni_127_S_4210_20110908,0.979,0.980,0.933,0.978,0.945
adni_127_S_1032_20061108,0.979,0.976,0.971,0.971,0.972
adni_127_S_0925_20061030,0.969,0.953,0.951,0.964,0.935
adni_127_S_1382_20070316,0.974,0.975,0.963,0.972,0.956
adni_127_S_0844_20061009,0.966,0.940,0.951,0.952,0.955
adni_127_S_0622_20060613,0.984,0.975,0.965,0.976,0.975
adni_127_S_4500_20120208,0.975,0.970,0.963,0.969,0.946
adni_127_S_4197_20110822,0.977,0.967,0.964,0.970,0.955
adni_127_S_4301_20111024,0.966,0.972,0.967,0.962,0.948
adni_127_S_4198_20110901,0.978,0.973,0.941,0.979,0.951
adni_127_S_1140_20061214,0.968,0.966,0.949,0.951,0.959
adni_127_S_1419_20070723,0.971,0.966,0.957,0.966,0.924
adni_127_S_4240_20110923,0.975,0.968,0.971,0.970,0.948
adni_127_S_4645_20120404,0.977,0.985,0.965,0.977,0.952
adni_127_S_4604_20120321,0.976,0.976,0.957,0.972,0.939
adni_127_S_4624_20120531,0.981,0.980,0.956,0.981,0.963
adni_127_S_4765_20120608,0.971,0.968,0.949,0.972,0.947
adni_127_S_4844_20120718,0.967,0.974,0.952,0.965,0.925
adni_127_S_4928_20120905,0.969,0.963,0.959,0.962,0.944
adni_127_S_4843_20120718,0.977,0.977,0.959,0.972,0.943
adni_127_S_5056_20130103,0.966,0.960,0.953,0.963,0.941
adni_127_S_4940_20120919,0.965,0.969,0.973,0.960,0.949
adni_127_S_5067_20130204,0.961,0.939,0.959,0.957,0.943
adni_127_S_5028_20121114,0.968,0.969,0.923,0.968,0.927
adni_127_S_5200_20130610,0.976,0.976,0.965,0.978,0.951
adni_127_S_5095_20130227,0.975,0.970,0.955,0.974,0.947
adni_128_S_0188_20060206,0.963,0.965,0.949,0.964,0.942
adni_128_S_0138_20060125,0.972,0.967,0.968,0.972,0.959
adni_127_S_5228_20130624,0.975,0.978,0.937,0.979,0.932
adni_127_S_5185_20130529,0.973,0.976,0.924,0.976,0.935
adni_127_S_5132_20130425,0.979,0.976,0.921,0.979,0.951
adni_127_S_5058_20130110,0.972,0.975,0.952,0.976,0.949
adni_128_S_0135_20060126,0.975,0.972,0.947,0.974,0.942
adni_127_S_4992_20121025,0.974,0.969,0.968,0.964,0.960
adni_128_S_0167_20060216,0.966,0.966,0.964,0.966,0.945
adni_127_S_5266_20130730,0.970,0.977,0.943,0.964,0.922
adni_127_S_5218_20130624,0.971,0.978,0.960,0.971,0.936
adni_128_S_0225_20060215,0.979,0.972,0.966,0.972,0.958
adni_128_S_0205_20060210,0.954,0.940,0.920,0.960,0.919
adni_128_S_0200_20060213,0.975,0.968,0.919,0.979,0.950
adni_128_S_0216_20060214,0.969,0.971,0.962,0.967,0.957
adni_128_S_0230_20060308,0.975,0.972,0.959,0.968,0.963
adni_128_S_0229_20060308,0.975,0.975,0.958,0.966,0.955
adni_128_S_0310_20060324,0.970,0.961,0.968,0.955,0.961
adni_128_S_0245_20060321,0.971,0.968,0.958,0.971,0.939
adni_128_S_0227_20060302,0.975,0.968,0.953,0.970,0.946
adni_128_S_0522_20060519,0.982,0.978,0.973,0.977,0.965
adni_128_S_0528_20060517,0.976,0.970,0.954,0.966,0.954
adni_128_S_0258_20060406,0.974,0.968,0.963,0.973,0.959
adni_128_S_0715_20060718,0.975,0.966,0.958,0.975,0.962
adni_128_S_0805_20060906,0.918,0.959,0.948,0.904,0.892
adni_128_S_0608_20060601,0.977,0.968,0.969,0.976,0.961
adni_128_S_0545_20060524,0.978,0.981,0.961,0.974,0.953
adni_128_S_0701_20060714,0.971,0.969,0.961,0.969,0.935
adni_128_S_0611_20060608,0.963,0.957,0.951,0.945,0.948
adni_128_S_0500_20060515,0.969,0.972,0.957,0.959,0.953
adni_128_S_0517_20060526,0.978,0.974,0.968,0.969,0.968
adni_128_S_0770_20060728,0.981,0.977,0.949,0.978,0.960
adni_128_S_0272_20060322,0.977,0.978,0.921,0.981,0.937
adni_128_S_0740_20060731,0.970,0.974,0.953,0.966,0.951
adni_128_S_0266_20060322,0.968,0.962,0.951,0.959,0.960
adni_128_S_0863_20060925,0.974,0.970,0.960,0.963,0.959
adni_128_S_0947_20061006,0.979,0.971,0.976,0.971,0.967
adni_128_S_1043_20061115,0.977,0.975,0.963,0.974,0.957
adni_128_S_1088_20061207,0.976,0.969,0.960,0.966,0.963
adni_128_S_1409_20070619,0.976,0.963,0.965,0.967,0.965
adni_128_S_1181_20070130,0.977,0.973,0.959,0.974,0.946
adni_128_S_1148_20061218,0.972,0.972,0.966,0.958,0.955
adni_128_S_1242_20070205,0.977,0.973,0.950,0.974,0.947
adni_128_S_1406_20070518,0.978,0.977,0.954,0.973,0.951
adni_128_S_1407_20070606,0.979,0.975,0.946,0.972,0.955
adni_128_S_1430_20070907,0.974,0.960,0.949,0.970,0.950
adni_128_S_2123_20101021,0.982,0.978,0.955,0.978,0.946
adni_128_S_2314_20110301,0.977,0.979,0.952,0.975,0.947
adni_128_S_2002_20100617,0.974,0.971,0.943,0.973,0.924
adni_128_S_2151_20101116,0.982,0.980,0.976,0.980,0.968
adni_128_S_2003_20100701,0.982,0.980,0.964,0.978,0.962
adni_128_S_2036_20100817,0.983,0.977,0.948,0.985,0.961
adni_128_S_1408_20070727,0.979,0.978,0.947,0.978,0.952
adni_128_S_2011_20100713,0.976,0.979,0.957,0.972,0.958
adni_128_S_2057_20100902,0.979,0.975,0.958,0.982,0.957
adni_128_S_2220_20101214,0.976,0.979,0.952,0.978,0.948
adni_128_S_2130_20101102,0.976,0.973,0.963,0.971,0.961
adni_128_S_4553_20120220,0.981,0.975,0.950,0.981,0.945
adni_128_S_2045_20100826,0.971,0.977,0.967,0.975,0.945
adni_128_S_4571_20120310,0.979,0.976,0.948,0.976,0.944
adni_128_S_4586_20120605,0.974,0.978,0.948,0.977,0.941
adni_128_S_4599_20120317,0.965,0.960,0.917,0.966,0.919
adni_128_S_4603_20120407,0.978,0.973,0.945,0.974,0.945
adni_128_S_4607_20120326,0.975,0.976,0.938,0.974,0.925
adni_128_S_4636_20120327,0.982,0.977,0.960,0.977,0.961
adni_128_S_4653_20120418,0.977,0.978,0.953,0.973,0.932
adni_128_S_4609_20120404,0.982,0.974,0.973,0.977,0.973
adni_128_S_4742_20120531,0.982,0.981,0.964,0.981,0.957
adni_128_S_4745_20120607,0.980,0.975,0.941,0.982,0.949
adni_128_S_4772_20120613,0.975,0.969,0.950,0.969,0.952
adni_129_S_1204_20070215,0.969,0.971,0.947,0.972,0.938
adni_128_S_5123_20121220,0.978,0.976,0.973,0.971,0.955
adni_129_S_4287_20121030,0.977,0.967,0.948,0.973,0.941
adni_128_S_4792_20120618,0.968,0.954,0.963,0.958,0.957
adni_128_S_4671_20120502,0.980,0.970,0.968,0.979,0.965
adni_129_S_1246_20070206,0.977,0.972,0.954,0.971,0.951
adni_128_S_4832_20120709,0.982,0.977,0.951,0.976,0.950
adni_129_S_4371_20121128,0.977,0.975,0.953,0.968,0.955
adni_128_S_4774_20120621,0.979,0.967,0.956,0.972,0.959
adni_128_S_5066_20121221,0.976,0.973,0.956,0.974,0.964
adni_128_S_4842_20120713,0.974,0.973,0.940,0.967,0.920
adni_129_S_4220_20110913,0.981,0.973,0.934,0.979,0.955
adni_129_S_0778_20060814,0.969,0.976,0.950,0.969,0.933
adni_130_S_0102_20051228,0.982,0.980,0.976,0.980,0.967
adni_130_S_0232_20060301,0.972,0.979,0.951,0.969,0.943
adni_129_S_4396_20121211,0.975,0.972,0.957,0.974,0.941
adni_130_S_0285_20060322,0.976,0.975,0.936,0.977,0.939
adni_130_S_0423_20060530,0.962,0.949,0.934,0.946,0.946
adni_130_S_0449_20060531,0.976,0.975,0.947,0.976,0.949
adni_130_S_0289_20060313,0.980,0.973,0.960,0.977,0.966
adni_130_S_1337_20070322,0.968,0.975,0.971,0.968,0.942
adni_130_S_0460_20060518,0.978,0.968,0.920,0.977,0.931
adni_130_S_4294_20111121,0.974,0.971,0.957,0.974,0.958
adni_130_S_2391_20111216,0.974,0.973,0.922,0.976,0.937
adni_130_S_0783_20060817,0.974,0.965,0.945,0.971,0.955
adni_130_S_0956_20061106,0.980,0.977,0.948,0.980,0.945
adni_130_S_0505_20060725,0.974,0.972,0.960,0.968,0.943
adni_130_S_0969_20061106,0.975,0.981,0.960,0.979,0.948
adni_130_S_1201_20070115,0.968,0.952,0.952,0.960,0.950
adni_130_S_4343_20111109,0.977,0.977,0.950,0.975,0.929
adni_130_S_0886_20061016,0.978,0.973,0.944,0.973,0.936
adni_130_S_2403_20120126,0.968,0.969,0.953,0.960,0.935
adni_130_S_1290_20070207,0.972,0.965,0.950,0.972,0.939
adni_130_S_2373_20111101,0.974,0.963,0.948,0.962,0.950
adni_130_S_1200_20100207,0.967,0.964,0.956,0.967,0.944
adni_130_S_4250_20120123,0.972,0.979,0.965,0.969,0.945
adni_130_S_4352_20111115,0.972,0.973,0.956,0.965,0.927
adni_130_S_4405_20120113,0.974,0.976,0.943,0.970,0.921
adni_130_S_4415_20120113,0.970,0.962,0.928,0.962,0.940
adni_130_S_4417_20120118,0.976,0.974,0.944,0.973,0.938
adni_130_S_4589_20120319,0.979,0.977,0.963,0.977,0.957
adni_130_S_4641_20120404,0.977,0.980,0.969,0.977,0.964
adni_130_S_4605_20120326,0.973,0.968,0.938,0.974,0.933
adni_130_S_4660_20120418,0.972,0.959,0.940,0.964,0.934
adni_130_S_4468_20120201,0.930,0.922,0.906,0.919,0.864
adni_130_S_4542_20120302,0.972,0.958,0.959,0.962,0.965
adni_130_S_4817_20120703,0.978,0.973,0.954,0.975,0.942
adni_130_S_4997_20121119,0.974,0.974,0.951,0.976,0.927
adni_130_S_4982_20121023,0.977,0.967,0.956,0.976,0.954
adni_130_S_4971_20121017,0.959,0.927,0.946,0.935,0.951
adni_130_S_5231_20130716,0.955,0.967,0.931,0.948,0.926
adni_130_S_4990_20121026,0.971,0.966,0.957,0.971,0.956
adni_130_S_5142_20130419,0.976,0.973,0.959,0.972,0.956
adni_130_S_4925_20120926,0.971,0.971,0.954,0.973,0.952
adni_130_S_4883_20120810,0.977,0.969,0.942,0.972,0.946
adni_130_S_5059_20130206,0.977,0.971,0.967,0.967,0.958
adni_130_S_4984_20121017,0.974,0.969,0.948,0.963,0.945
adni_130_S_5006_20121114,0.970,0.971,0.944,0.971,0.937
adni_130_S_5175_20130524,0.977,0.970,0.959,0.974,0.955
adni_130_S_5258_20130718,0.977,0.973,0.962,0.976,0.955
adni_130_S_4730_20120523,0.977,0.954,0.964,0.962,0.969
adni_131_S_0123_20060119,0.978,0.971,0.963,0.971,0.964
adni_131_S_0319_20060320,0.981,0.977,0.947,0.978,0.950
adni_131_S_0409_20060425,0.968,0.969,0.966,0.956,0.952
adni_131_S_0441_20060424,0.978,0.972,0.952,0.975,0.959
adni_131_S_0436_20060517,0.973,0.975,0.968,0.971,0.962
adni_131_S_0384_20060327,0.978,0.980,0.968,0.974,0.962
adni_131_S_0457_20060503,0.958,0.950,0.939,0.944,0.947
adni_131_S_0497_20060607,0.978,0.973,0.970,0.978,0.964
adni_131_S_0691_20060726,0.978,0.969,0.961,0.963,0.975
adni_132_S_0339_20060427,0.978,0.977,0.954,0.978,0.954
adni_131_S_5138_20130402,0.979,0.980,0.945,0.972,0.940
adni_133_S_0638_20060626,0.974,0.967,0.962,0.972,0.962
adni_133_S_0727_20060907,0.981,0.976,0.971,0.977,0.968
adni_133_S_0629_20060623,0.975,0.964,0.964,0.968,0.967
adni_133_S_0433_20060503,0.977,0.982,0.959,0.974,0.952
adni_131_S_1301_20070221,0.975,0.979,0.953,0.976,0.943
adni_133_S_0493_20060509,0.974,0.972,0.959,0.977,0.951
adni_132_S_0987_20070321,0.970,0.966,0.960,0.964,0.945
adni_133_S_0792_20060825,0.979,0.971,0.951,0.977,0.955
adni_133_S_0771_20060905,0.981,0.978,0.961,0.979,0.964
adni_133_S_0488_20060509,0.984,0.981,0.953,0.981,0.962
adni_131_S_1389_20070316,0.975,0.974,0.964,0.973,0.955
adni_133_S_0525_20060530,0.982,0.979,0.962,0.978,0.967
adni_131_S_5148_20130418,0.979,0.977,0.944,0.976,0.949
adni_133_S_1031_20061031,0.975,0.966,0.952,0.973,0.960
adni_133_S_1170_20061229,0.967,0.960,0.953,0.955,0.956
adni_135_S_4309_20111026,0.981,0.977,0.950,0.980,0.945
adni_133_S_0912_20061009,0.977,0.958,0.933,0.976,0.936
adni_135_S_4281_20111014,0.977,0.978,0.957,0.977,0.955
adni_133_S_1055_20061113,0.956,0.965,0.964,0.934,0.949
adni_133_S_0913_20061227,0.969,0.975,0.967,0.970,0.937
adni_135_S_4446_20120117,0.976,0.972,0.916,0.975,0.936
adni_135_S_4356_20111110,0.976,0.973,0.925,0.978,0.931
adni_135_S_4489_20120202,0.977,0.978,0.946,0.979,0.935
adni_135_S_4689_20120427,0.976,0.966,0.949,0.972,0.952
adni_135_S_4566_20120307,0.972,0.974,0.943,0.981,0.924
adni_135_S_4723_20120516,0.976,0.978,0.946,0.974,0.940
adni_135_S_4598_20120320,0.970,0.957,0.864,0.978,0.932
adni_135_S_4406_20111207,0.976,0.977,0.971,0.968,0.954
adni_135_S_4657_20120412,0.980,0.969,0.954,0.974,0.966
adni_135_S_4722_20120516,0.974,0.978,0.959,0.979,0.926
adni_135_S_5269_20130726,0.981,0.972,0.950,0.975,0.946
adni_135_S_4676_20120419,0.974,0.973,0.964,0.958,0.950
adni_135_S_4863_20120801,0.981,0.979,0.964,0.973,0.953
adni_135_S_4710_20120510,0.969,0.967,0.930,0.973,0.912
adni_135_S_5113_20130403,0.979,0.980,0.956,0.977,0.941
adni_135_S_5015_20121113,0.976,0.975,0.960,0.976,0.950
adni_135_S_4954_20120924,0.970,0.948,0.914,0.974,0.930
adni_136_S_0086_20060331,0.981,0.970,0.964,0.975,0.971
adni_136_S_0186_20060224,0.980,0.975,0.958,0.979,0.958
adni_135_S_5273_20130806,0.977,0.967,0.965,0.971,0.966
adni_136_S_0184_20060306,0.968,0.973,0.921,0.968,0.911
adni_135_S_5275_20130805,0.971,0.969,0.937,0.969,0.947
adni_136_S_0107_20060217,0.973,0.975,0.953,0.976,0.938
adni_136_S_0194_20060410,0.976,0.974,0.951,0.971,0.949
adni_136_S_0695_20060918,0.967,0.969,0.971,0.975,0.951
adni_136_S_0299_20060501,0.981,0.971,0.964,0.977,0.967
adni_136_S_1227_20070206,0.982,0.979,0.952,0.977,0.951
adni_136_S_0874_20061106,0.976,0.964,0.935,0.974,0.939
adni_136_S_4269_20111031,0.970,0.975,0.954,0.971,0.906
adni_136_S_0429_20060614,0.978,0.979,0.949,0.975,0.944
adni_136_S_4189_20110916,0.946,0.979,0.955,0.939,0.910
adni_136_S_0873_20061002,0.977,0.972,0.960,0.974,0.961
adni_136_S_0300_20060509,0.969,0.961,0.925,0.968,0.927
adni_136_S_0579_20060629,0.975,0.978,0.947,0.972,0.926
adni_136_S_4433_20120116,0.979,0.973,0.952,0.977,0.951
adni_136_S_0196_20060417,0.979,0.976,0.948,0.971,0.943
adni_136_S_0195_20060313,0.972,0.964,0.958,0.969,0.965
adni_136_S_4517_20120328,0.980,0.974,0.954,0.980,0.947
adni_136_S_4408_20120127,0.979,0.979,0.965,0.980,0.957
adni_136_S_0426_20060516,0.967,0.962,0.962,0.963,0.953
adni_136_S_4726_20120605,0.974,0.979,0.934,0.976,0.926
adni_136_S_4848_20121015,0.979,0.974,0.954,0.977,0.958
adni_136_S_4956_20121016,0.980,0.975,0.947,0.977,0.947
adni_136_S_4836_20120806,0.972,0.972,0.962,0.969,0.947
adni_136_S_4727_20120605,0.978,0.970,0.964,0.969,0.952
adni_136_S_4993_20121024,0.972,0.971,0.969,0.973,0.929
adni_136_S_4932_20121022,0.979,0.978,0.961,0.980,0.960
adni_137_S_0158_20060214,0.974,0.979,0.958,0.969,0.937
adni_137_S_0443_20060615,0.972,0.971,0.947,0.966,0.927
adni_137_S_0438_20060427,0.980,0.979,0.972,0.979,0.971
adni_137_S_0459_20060425,0.978,0.976,0.944,0.975,0.959
adni_137_S_0366_20060510,0.977,0.972,0.960,0.966,0.955
adni_137_S_0841_20060927,0.974,0.973,0.939,0.973,0.937
adni_137_S_0686_20060703,0.977,0.970,0.959,0.979,0.958
adni_137_S_0301_20060330,0.973,0.977,0.935,0.971,0.924
adni_137_S_0669_20060721,0.972,0.971,0.936,0.971,0.936
adni_137_S_0796_20060821,0.968,0.969,0.942,0.964,0.950
adni_137_S_0972_20061204,0.979,0.972,0.959,0.980,0.951
adni_137_S_0481_20060511,0.972,0.962,0.956,0.970,0.958
adni_137_S_0800_20060814,0.969,0.970,0.960,0.967,0.944
adni_137_S_0722_20060726,0.959,0.937,0.905,0.962,0.912
adni_137_S_0631_20060616,0.977,0.966,0.968,0.967,0.964
adni_137_S_0283_20060315,0.975,0.971,0.945,0.973,0.953
adni_137_S_0825_20060928,0.979,0.971,0.976,0.972,0.967
adni_137_S_0668_20060807,0.968,0.974,0.944,0.967,0.923
adni_137_S_0994_20061101,0.969,0.971,0.905,0.971,0.913
adni_137_S_1041_20061109,0.974,0.961,0.953,0.963,0.965
adni_137_S_1414_20070801,0.975,0.971,0.954,0.977,0.941
adni_137_S_0973_20061115,0.975,0.970,0.953,0.972,0.955
adni_137_S_4299_20111102,0.976,0.960,0.943,0.977,0.959
adni_137_S_4227_20110921,0.972,0.976,0.964,0.970,0.961
adni_137_S_1426_20070907,0.973,0.969,0.956,0.965,0.971
adni_137_S_4303_20111102,0.978,0.970,0.967,0.973,0.964
adni_137_S_4211_20110921,0.981,0.977,0.969,0.978,0.961
adni_137_S_4331_20111116,0.980,0.976,0.973,0.976,0.972
adni_137_S_4482_20120216,0.974,0.972,0.947,0.971,0.938
adni_137_S_4258_20111011,0.975,0.960,0.930,0.970,0.954
adni_137_S_4623_20120404,0.979,0.973,0.948,0.978,0.948
adni_137_S_4596_20120319,0.983,0.975,0.966,0.981,0.968
adni_137_S_4351_20111202,0.979,0.977,0.961,0.981,0.961
adni_137_S_4631_20120430,0.970,0.966,0.935,0.970,0.944
adni_137_S_4587_20120416,0.980,0.978,0.962,0.974,0.945
adni_137_S_4536_20120222,0.978,0.965,0.958,0.979,0.954
adni_137_S_4466_20120125,0.983,0.977,0.967,0.982,0.964
adni_137_S_4678_20120503,0.981,0.977,0.964,0.979,0.965
adni_137_S_4672_20120416,0.980,0.973,0.959,0.972,0.971
adni_137_S_4756_20120531,0.977,0.957,0.964,0.970,0.968
adni_137_S_4632_20120503,0.977,0.977,0.957,0.979,0.952
adni_137_S_4520_20120301,0.979,0.974,0.930,0.975,0.947
adni_137_S_4862_20130722,0.979,0.972,0.946,0.982,0.947
adni_137_S_4852_20120801,0.980,0.975,0.956,0.979,0.959
adni_137_S_4816_20120814,0.974,0.967,0.945,0.967,0.943
adni_137_S_4815_20120802,0.977,0.967,0.943,0.974,0.957
adni_141_S_0696_20060825,0.974,0.968,0.931,0.970,0.956
adni_141_S_0697_20060821,0.976,0.970,0.970,0.970,0.956
adni_141_S_0726_20060827,0.971,0.974,0.948,0.977,0.946
adni_141_S_0340_20060327,0.965,0.955,0.948,0.941,0.936
adni_141_S_0767_20060827,0.977,0.980,0.948,0.976,0.945
adni_141_S_0982_20061115,0.975,0.965,0.955,0.968,0.958
adni_141_S_1024_20061119,0.960,0.966,0.954,0.956,0.932
adni_141_S_1052_20061126,0.975,0.970,0.928,0.973,0.951
adni_141_S_0852_20060925,0.963,0.943,0.944,0.945,0.930
adni_141_S_1137_20061219,0.977,0.974,0.972,0.972,0.965
adni_141_S_1152_20061226,0.968,0.961,0.937,0.954,0.944
adni_141_S_0790_20060910,0.979,0.980,0.971,0.974,0.955
adni_141_S_0915_20060706,0.976,0.974,0.952,0.973,0.961
adni_141_S_0717_20060827,0.973,0.978,0.943,0.977,0.933
adni_141_S_0851_20060926,0.976,0.973,0.938,0.976,0.937
adni_141_S_1051_20061228,0.976,0.968,0.963,0.972,0.965
adni_141_S_0853_20060827,0.977,0.947,0.966,0.974,0.963
adni_141_S_0810_20061017,0.978,0.975,0.945,0.976,0.964
adni_141_S_1094_20061121,0.980,0.976,0.958,0.980,0.963
adni_141_S_1004_20061202,0.978,0.972,0.958,0.976,0.963
adni_141_S_1244_20070218,0.965,0.970,0.967,0.967,0.947
adni_141_S_1245_20070129,0.978,0.962,0.952,0.974,0.963
adni_141_S_1231_20070218,0.968,0.977,0.965,0.969,0.939
adni_141_S_1255_20070203,0.978,0.979,0.965,0.970,0.954
adni_141_S_1378_20070326,0.982,0.976,0.950,0.981,0.956
adni_141_S_2210_20110104,0.978,0.968,0.967,0.974,0.968
adni_141_S_4160_20110904,0.980,0.971,0.962,0.981,0.970
adni_141_S_4232_20110924,0.975,0.977,0.959,0.978,0.932
adni_141_S_4053_20110524,0.974,0.973,0.968,0.977,0.947
adni_141_S_4426_20111202,0.978,0.965,0.965,0.974,0.967
adni_141_S_4907_20120909,0.971,0.972,0.957,0.972,0.919
adni_153_S_4125_20110720,0.981,0.975,0.963,0.979,0.962
adni_141_S_4423_20111220,0.977,0.973,0.971,0.976,0.954
adni_153_S_2148_20101026,0.980,0.977,0.966,0.979,0.962
adni_141_S_2333_20110324,0.982,0.976,0.957,0.981,0.955
adni_141_S_4803_20120623,0.980,0.977,0.953,0.980,0.957
adni_141_S_4711_20120512,0.977,0.974,0.947,0.981,0.958
adni_141_S_4456_20120117,0.972,0.970,0.971,0.969,0.956
adni_153_S_2109_20101005,0.978,0.982,0.963,0.975,0.960
adni_153_S_4077_20110615,0.974,0.975,0.969,0.973,0.953
adni_141_S_4819_20120721,0.976,0.965,0.969,0.962,0.963
adni_153_S_4133_20110728,0.982,0.980,0.967,0.978,0.961
adni_141_S_4438_20120106,0.977,0.975,0.973,0.972,0.962
adni_141_S_4976_20121013,0.975,0.974,0.937,0.975,0.931
adni_153_S_4139_20110811,0.982,0.977,0.956,0.979,0.962
adni_153_S_4151_20110818,0.976,0.973,0.948,0.975,0.944
adni_153_S_4159_20110817,0.980,0.976,0.968,0.978,0.954
adni_153_S_4297_20111031,0.972,0.976,0.961,0.968,0.950
adni_153_S_4165_20110817,0.973,0.975,0.931,0.978,0.942
adni_153_S_4372_20111130,0.985,0.986,0.960,0.983,0.954
adni_153_S_5261_20130725,0.979,0.972,0.949,0.979,0.952
adni_153_S_4172_20110817,0.979,0.977,0.958,0.980,0.955
adni_153_S_4838_20120718,0.974,0.964,0.960,0.967,0.945
adni_153_S_4621_20120328,0.983,0.976,0.972,0.982,0.968
adni_153_S_5267_20130801,0.976,0.968,0.925,0.974,0.948
adni_941_S_1194_20070120,0.975,0.972,0.964,0.967,0.955
adni_941_S_1195_20070208,0.983,0.981,0.973,0.978,0.966
adni_941_S_4036_20110510,0.977,0.978,0.952,0.977,0.947
adni_941_S_4187_20110622,0.972,0.971,0.938,0.964,0.927
adni_941_S_4100_20110718,0.977,0.978,0.966,0.979,0.956
adni_941_S_1203_20070129,0.977,0.975,0.957,0.977,0.950
adni_941_S_1202_20070130,0.963,0.937,0.921,0.968,0.937
adni_941_S_1295_20070209,0.977,0.963,0.966,0.981,0.965
adni_941_S_1197_20070120,0.982,0.977,0.958,0.977,0.964
adni_941_S_2060_20100908,0.976,0.978,0.953,0.978,0.936
adni_941_S_1363_20070312,0.976,0.975,0.941,0.971,0.942
adni_941_S_1311_20070302,0.964,0.968,0.966,0.943,0.956
adni_941_S_4066_20110617,0.975,0.974,0.964,0.977,0.945
adni_941_S_4255_20111007,0.977,0.968,0.933,0.978,0.939
adni_941_S_4292_20111205,0.981,0.981,0.959,0.978,0.954
adni_941_S_4365_20111122,0.983,0.972,0.971,0.977,0.967
adni_941_S_4420_20120328,0.981,0.978,0.966,0.975,0.963
adni_941_S_4377_20120104,0.978,0.972,0.948,0.974,0.953
adni_941_S_4376_20110601,0.978,0.978,0.957,0.978,0.946
adni_941_S_5193_20130529,0.980,0.971,0.943,0.979,0.951
adni_941_S_4764_20120601,0.981,0.977,0.966,0.982,0.970
adni_941_S_5124_20130409,0.950,0.955,0.937,0.927,0.932
